-183.800, 80.200, 0.000,  0.000
-183.800, 80.200, 0.000,  0.016
-183.800, 80.200, 0.000,  0.049
-183.800, 80.200, 0.000,  0.082
-183.800, 80.200, -0.022,  0.115
-183.801, 80.200, 0.018,  0.148
-183.801, 80.199, 0.017,  0.181
-183.801, 80.199, 0.019,  0.214
-183.800, 80.198, 0.034,  0.247
-183.799, 80.196, 0.044,  0.280
-183.798, 80.192, 0.132,  0.313
-183.795, 80.185, 0.234,  0.346
-183.791, 80.174, 0.358,  0.379
-183.785, 80.159, 0.437,  0.412
-183.778, 80.143, 0.498,  0.445
-183.770, 80.125, 0.544,  0.478
-183.762, 80.104, 0.651,  0.511
-183.753, 80.081, 0.698,  0.544
-183.743, 80.057, 0.754,  0.577
-183.732, 80.031, 0.841,  0.610
-183.720, 80.002, 0.885,  0.643
-183.707, 79.971, 0.965,  0.676
-183.694, 79.938, 1.032,  0.709
-183.679, 79.903, 1.096,  0.742
-183.664, 79.866, 1.160,  0.775
-183.648, 79.827, 1.224,  0.808
-183.631, 79.786, 1.287,  0.841
-183.613, 79.744, 1.348,  0.874
-183.595, 79.699, 1.409,  0.907
-183.576, 79.653, 1.467,  0.940
-183.556, 79.605, 1.523,  0.973
-183.535, 79.556, 1.575,  1.006
-183.514, 79.505, 1.624,  1.039
-183.492, 79.453, 1.670,  1.072
-183.470, 79.400, 1.713,  1.105
-183.447, 79.345, 1.752,  1.138
-183.423, 79.290, 1.789,  1.171
-183.399, 79.233, 1.823,  1.204
-183.374, 79.176, 1.854,  1.237
-183.349, 79.118, 1.882,  1.270
-183.323, 79.059, 1.909,  1.303
-183.298, 79.000, 1.933,  1.336
-183.271, 78.939, 1.955,  1.369
-183.244, 78.879, 1.975,  1.402
-183.217, 78.818, 1.993,  1.435
-183.190, 78.756, 2.010,  1.468
-183.162, 78.694, 2.025,  1.501
-183.134, 78.632, 2.038,  1.534
-183.106, 78.570, 2.051,  1.567
-183.078, 78.507, 2.062,  1.600
-183.049, 78.444, 2.072,  1.633
-183.020, 78.381, 2.081,  1.666
-182.990, 78.317, 2.090,  1.699
-182.961, 78.254, 2.097,  1.732
-182.931, 78.190, 2.104,  1.765
-182.901, 78.126, 2.110,  1.798
-182.871, 78.062, 2.115,  1.831
-182.841, 77.998, 2.119,  1.864
-182.810, 77.934, 2.123,  1.897
-182.779, 77.870, 2.127,  1.930
-182.748, 77.806, 2.130,  1.963
-182.717, 77.742, 2.133,  1.996
-182.686, 77.678, 2.135,  2.029
-182.654, 77.614, 2.137,  2.062
-182.623, 77.550, 2.139,  2.095
-182.591, 77.486, 2.141,  2.128
-182.559, 77.422, 2.142,  2.161
-182.527, 77.358, 2.143,  2.194
-182.494, 77.294, 2.144,  2.227
-182.462, 77.230, 2.144,  2.260
-182.429, 77.167, 2.145,  2.293
-182.396, 77.103, 2.145,  2.326
-182.363, 77.040, 2.146,  2.359
-182.329, 76.976, 2.146,  2.392
-182.296, 76.913, 2.147,  2.425
-182.263, 76.849, 2.149,  2.458
-182.230, 76.785, 2.150,  2.491
-182.198, 76.721, 2.151,  2.524
-182.167, 76.657, 2.152,  2.557
-182.135, 76.592, 2.152,  2.590
-182.105, 76.527, 2.152,  2.623
-182.075, 76.462, 2.152,  2.656
-182.046, 76.397, 2.151,  2.689
-182.017, 76.331, 2.151,  2.722
-181.989, 76.265, 2.150,  2.755
-181.962, 76.199, 2.149,  2.788
-181.935, 76.132, 2.149,  2.821
-181.909, 76.065, 2.148,  2.854
-181.884, 75.998, 2.147,  2.887
-181.859, 75.931, 2.146,  2.920
-181.835, 75.863, 2.146,  2.953
-181.813, 75.795, 2.145,  2.986
-181.790, 75.727, 2.145,  3.019
-181.769, 75.659, 2.144,  3.052
-181.749, 75.590, 2.144,  3.085
-181.730, 75.520, 2.143,  3.118
-181.711, 75.451, 2.144,  3.151
-181.693, 75.381, 2.145,  3.184
-181.676, 75.311, 2.145,  3.217
-181.660, 75.241, 2.146,  3.250
-181.645, 75.170, 2.148,  3.283
-181.631, 75.100, 2.149,  3.316
-181.617, 75.028, 2.152,  3.349
-181.604, 74.957, 2.154,  3.382
-181.592, 74.885, 2.157,  3.415
-181.581, 74.814, 2.159,  3.448
-181.571, 74.741, 2.163,  3.481
-181.561, 74.669, 2.167,  3.514
-181.552, 74.596, 2.171,  3.547
-181.544, 74.523, 2.174,  3.580
-181.536, 74.450, 2.179,  3.613
-181.529, 74.377, 2.187,  3.646
-181.523, 74.303, 2.192,  3.679
-181.517, 74.230, 2.198,  3.712
-181.511, 74.156, 2.203,  3.745
-181.506, 74.081, 2.210,  3.778
-181.502, 74.007, 2.215,  3.811
-181.498, 73.932, 2.222,  3.844
-181.494, 73.857, 2.229,  3.877
-181.490, 73.782, 2.235,  3.910
-181.487, 73.707, 2.242,  3.943
-181.484, 73.632, 2.249,  3.976
-181.482, 73.556, 2.255,  4.009
-181.479, 73.480, 2.261,  4.042
-181.477, 73.404, 2.268,  4.075
-181.475, 73.328, 2.275,  4.108
-181.474, 73.251, 2.282,  4.141
-181.472, 73.175, 2.288,  4.174
-181.471, 73.098, 2.295,  4.207
-181.470, 73.021, 2.301,  4.240
-181.469, 72.944, 2.307,  4.273
-181.468, 72.866, 2.314,  4.306
-181.467, 72.789, 2.320,  4.339
-181.466, 72.711, 2.327,  4.372
-181.465, 72.633, 2.333,  4.405
-181.465, 72.555, 2.339,  4.438
-181.465, 72.476, 2.345,  4.471
-181.464, 72.398, 2.352,  4.504
-181.464, 72.319, 2.358,  4.537
-181.463, 72.240, 2.365,  4.570
-181.463, 72.161, 2.371,  4.603
-181.463, 72.082, 2.377,  4.636
-181.463, 72.002, 2.384,  4.669
-181.463, 71.922, 2.390,  4.702
-181.463, 71.842, 2.397,  4.735
-181.462, 71.762, 2.403,  4.768
-181.462, 71.682, 2.410,  4.801
-181.462, 71.601, 2.417,  4.834
-181.462, 71.521, 2.423,  4.867
-181.462, 71.440, 2.430,  4.900
-181.462, 71.358, 2.437,  4.933
-181.462, 71.277, 2.443,  4.966
-181.462, 71.195, 2.450,  4.999
-181.462, 71.113, 2.457,  5.032
-181.462, 71.031, 2.464,  5.065
-181.463, 70.949, 2.471,  5.098
-181.463, 70.866, 2.478,  5.131
-181.463, 70.784, 2.485,  5.164
-181.463, 70.700, 2.492,  5.197
-181.463, 70.617, 2.500,  5.230
-181.463, 70.534, 2.507,  5.263
-181.463, 70.450, 2.514,  5.296
-181.463, 70.366, 2.522,  5.329
-181.463, 70.282, 2.529,  5.362
-181.464, 70.197, 2.537,  5.395
-181.464, 70.112, 2.544,  5.428
-181.464, 70.027, 2.552,  5.461
-181.464, 69.942, 2.560,  5.494
-181.464, 69.856, 2.567,  5.527
-181.464, 69.771, 2.575,  5.560
-181.464, 69.685, 2.583,  5.593
-181.464, 69.598, 2.591,  5.626
-181.465, 69.512, 2.599,  5.659
-181.465, 69.425, 2.607,  5.692
-181.465, 69.338, 2.615,  5.725
-181.465, 69.250, 2.623,  5.758
-181.465, 69.163, 2.631,  5.791
-181.465, 69.075, 2.640,  5.824
-181.466, 68.987, 2.648,  5.857
-181.466, 68.898, 2.656,  5.890
-181.466, 68.809, 2.664,  5.923
-181.466, 68.720, 2.673,  5.956
-181.466, 68.631, 2.681,  5.989
-181.466, 68.541, 2.690,  6.022
-181.466, 68.452, 2.698,  6.055
-181.467, 68.361, 2.707,  6.088
-181.467, 68.271, 2.716,  6.121
-181.467, 68.180, 2.725,  6.154
-181.467, 68.089, 2.733,  6.187
-181.467, 67.998, 2.742,  6.220
-181.468, 67.906, 2.751,  6.253
-181.468, 67.814, 2.760,  6.286
-181.468, 67.722, 2.769,  6.319
-181.468, 67.629, 2.778,  6.352
-181.468, 67.537, 2.787,  6.385
-181.468, 67.444, 2.796,  6.418
-181.469, 67.350, 2.806,  6.451
-181.469, 67.256, 2.815,  6.484
-181.469, 67.162, 2.824,  6.517
-181.469, 67.068, 2.833,  6.550
-181.469, 66.973, 2.843,  6.583
-181.469, 66.878, 2.852,  6.616
-181.470, 66.783, 2.862,  6.649
-181.470, 66.687, 2.871,  6.682
-181.470, 66.591, 2.881,  6.715
-181.470, 66.495, 2.890,  6.748
-181.470, 66.398, 2.900,  6.781
-181.471, 66.302, 2.910,  6.814
-181.471, 66.204, 2.920,  6.847
-181.471, 66.107, 2.929,  6.880
-181.471, 66.009, 2.939,  6.913
-181.471, 65.911, 2.949,  6.946
-181.471, 65.812, 2.959,  6.979
-181.472, 65.713, 2.969,  7.012
-181.472, 65.614, 2.979,  7.045
-181.472, 65.514, 2.989,  7.078
-181.472, 65.414, 2.999,  7.111
-181.472, 65.314, 3.009,  7.144
-181.473, 65.214, 3.019,  7.177
-181.473, 65.113, 3.029,  7.210
-181.473, 65.012, 3.040,  7.243
-181.473, 64.910, 3.050,  7.276
-181.473, 64.808, 3.060,  7.309
-181.473, 64.706, 3.071,  7.342
-181.474, 64.603, 3.081,  7.375
-181.474, 64.500, 3.092,  7.408
-181.474, 64.397, 3.102,  7.441
-181.474, 64.293, 3.113,  7.474
-181.474, 64.189, 3.123,  7.507
-181.474, 64.085, 3.134,  7.540
-181.475, 63.980, 3.145,  7.573
-181.475, 63.875, 3.155,  7.606
-181.475, 63.769, 3.166,  7.639
-181.475, 63.664, 3.177,  7.672
-181.475, 63.558, 3.188,  7.705
-181.476, 63.451, 3.199,  7.738
-181.476, 63.344, 3.210,  7.771
-181.476, 63.237, 3.220,  7.804
-181.476, 63.129, 3.232,  7.837
-181.476, 63.021, 3.243,  7.870
-181.476, 62.913, 3.254,  7.903
-181.477, 62.804, 3.265,  7.936
-181.477, 62.695, 3.276,  7.969
-181.477, 62.585, 3.287,  8.002
-181.477, 62.476, 3.298,  8.035
-181.477, 62.365, 3.310,  8.068
-181.477, 62.255, 3.321,  8.101
-181.478, 62.144, 3.332,  8.134
-181.478, 62.032, 3.344,  8.167
-181.478, 61.921, 3.355,  8.200
-181.478, 61.809, 3.367,  8.233
-181.478, 61.696, 3.378,  8.266
-181.478, 61.583, 3.390,  8.299
-181.479, 61.470, 3.401,  8.332
-181.479, 61.356, 3.413,  8.365
-181.479, 61.242, 3.425,  8.398
-181.479, 61.128, 3.436,  8.431
-181.479, 61.013, 3.448,  8.464
-181.479, 60.898, 3.460,  8.497
-181.480, 60.782, 3.472,  8.530
-181.480, 60.666, 3.484,  8.563
-181.480, 60.549, 3.496,  8.596
-181.480, 60.433, 3.508,  8.629
-181.480, 60.315, 3.520,  8.662
-181.480, 60.198, 3.532,  8.695
-181.480, 60.080, 3.544,  8.728
-181.481, 59.961, 3.556,  8.761
-181.481, 59.842, 3.568,  8.794
-181.481, 59.723, 3.581,  8.827
-181.481, 59.604, 3.593,  8.860
-181.481, 59.483, 3.605,  8.893
-181.481, 59.363, 3.618,  8.926
-181.482, 59.242, 3.630,  8.959
-181.482, 59.121, 3.642,  8.992
-181.482, 58.999, 3.655,  9.025
-181.482, 58.877, 3.667,  9.058
-181.482, 58.754, 3.680,  9.091
-181.482, 58.631, 3.693,  9.124
-181.483, 58.508, 3.705,  9.157
-181.483, 58.384, 3.718,  9.190
-181.483, 58.260, 3.731,  9.223
-181.483, 58.135, 3.743,  9.256
-181.483, 58.010, 3.756,  9.289
-181.483, 57.885, 3.769,  9.322
-181.483, 57.759, 3.782,  9.355
-181.484, 57.632, 3.795,  9.388
-181.484, 57.505, 3.808,  9.421
-181.484, 57.378, 3.821,  9.454
-181.484, 57.250, 3.834,  9.487
-181.484, 57.122, 3.848,  9.520
-181.484, 56.994, 3.861,  9.553
-181.485, 56.865, 3.874,  9.586
-181.485, 56.735, 3.887,  9.619
-181.485, 56.605, 3.900,  9.652
-181.485, 56.475, 3.914,  9.685
-181.485, 56.344, 3.927,  9.718
-181.485, 56.213, 3.940,  9.751
-181.485, 56.081, 3.954,  9.784
-181.485, 55.949, 3.967,  9.817
-181.486, 55.817, 3.980,  9.850
-181.486, 55.683, 3.993,  9.883
-181.486, 55.550, 4.007,  9.916
-181.486, 55.416, 4.020,  9.949
-181.486, 55.282, 4.033,  9.982
-181.486, 55.147, 4.047, 10.015
-181.486, 55.012, 4.060, 10.048
-181.486, 54.876, 4.074, 10.081
-181.487, 54.740, 4.087, 10.114
-181.487, 54.603, 4.100, 10.147
-181.487, 54.466, 4.114, 10.180
-181.487, 54.329, 4.127, 10.213
-181.487, 54.191, 4.141, 10.246
-181.487, 54.053, 4.155, 10.279
-181.487, 53.914, 4.168, 10.312
-181.487, 53.775, 4.182, 10.345
-181.487, 53.635, 4.196, 10.378
-181.488, 53.495, 4.209, 10.411
-181.488, 53.354, 4.223, 10.444
-181.488, 53.213, 4.237, 10.477
-181.488, 53.071, 4.251, 10.510
-181.488, 52.929, 4.265, 10.543
-181.488, 52.787, 4.279, 10.576
-181.488, 52.644, 4.293, 10.609
-181.488, 52.500, 4.307, 10.642
-181.488, 52.356, 4.321, 10.675
-181.489, 52.212, 4.336, 10.708
-181.489, 52.067, 4.350, 10.741
-181.489, 51.922, 4.364, 10.774
-181.489, 51.776, 4.379, 10.807
-181.489, 51.629, 4.393, 10.840
-181.489, 51.483, 4.408, 10.873
-181.489, 51.335, 4.422, 10.906
-181.489, 51.188, 4.437, 10.939
-181.489, 51.039, 4.451, 10.972
-181.489, 50.891, 4.466, 11.005
-181.490, 50.741, 4.481, 11.038
-181.490, 50.592, 4.496, 11.071
-181.490, 50.441, 4.511, 11.104
-181.490, 50.291, 4.525, 11.137
-181.490, 50.139, 4.540, 11.170
-181.490, 49.988, 4.556, 11.203
-181.490, 49.835, 4.571, 11.236
-181.490, 49.683, 4.586, 11.269
-181.490, 49.529, 4.601, 11.302
-181.490, 49.376, 4.617, 11.335
-181.490, 49.221, 4.632, 11.368
-181.490, 49.067, 4.647, 11.401
-181.490, 48.911, 4.663, 11.434
-181.491, 48.755, 4.678, 11.467
-181.491, 48.599, 4.694, 11.500
-181.491, 48.442, 4.710, 11.533
-181.491, 48.285, 4.726, 11.566
-181.491, 48.127, 4.741, 11.599
-181.491, 47.969, 4.757, 11.632
-181.491, 47.810, 4.773, 11.665
-181.491, 47.650, 4.789, 11.698
-181.491, 47.490, 4.805, 11.731
-181.491, 47.329, 4.822, 11.764
-181.491, 47.168, 4.838, 11.797
-181.491, 47.007, 4.854, 11.830
-181.491, 46.844, 4.870, 11.863
-181.491, 46.682, 4.887, 11.896
-181.491, 46.518, 4.903, 11.929
-181.491, 46.354, 4.920, 11.962
-181.491, 46.190, 4.936, 11.995
-181.491, 46.025, 4.953, 12.028
-181.491, 45.860, 4.970, 12.061
-181.491, 45.693, 4.986, 12.094
-181.491, 45.527, 5.003, 12.127
-181.491, 45.360, 5.020, 12.160
-181.492, 45.192, 5.037, 12.193
-181.492, 45.024, 5.054, 12.226
-181.492, 44.855, 5.071, 12.259
-181.492, 44.685, 5.088, 12.292
-181.492, 44.515, 5.104, 12.325
-181.492, 44.345, 5.115, 12.358
-181.492, 44.174, 5.114, 12.391
-181.492, 44.004, 5.100, 12.424
-181.492, 43.835, 5.087, 12.457
-181.492, 43.666, 5.080, 12.490
-181.492, 43.496, 5.079, 12.523
-181.492, 43.327, 5.082, 12.556
-181.492, 43.158, 5.089, 12.589
-181.492, 42.988, 5.101, 12.622
-181.492, 42.817, 5.115, 12.655
-181.492, 42.646, 5.133, 12.688
-181.492, 42.475, 5.153, 12.721
-181.492, 42.302, 5.175, 12.754
-181.492, 42.129, 5.198, 12.787
-181.492, 41.955, 5.223, 12.820
-181.492, 41.780, 5.249, 12.853
-181.492, 41.604, 5.276, 12.886
-181.492, 41.428, 5.303, 12.919
-181.491, 41.250, 5.331, 12.952
-181.491, 41.072, 5.358, 12.985
-181.491, 40.892, 5.386, 13.018
-181.491, 40.712, 5.414, 13.051
-181.491, 40.531, 5.441, 13.084
-181.491, 40.348, 5.468, 13.117
-181.491, 40.165, 5.495, 13.150
-181.491, 39.982, 5.522, 13.183
-181.491, 39.797, 5.549, 13.216
-181.491, 39.611, 5.575, 13.249
-181.491, 39.425, 5.600, 13.282
-181.491, 39.237, 5.626, 13.315
-181.491, 39.049, 5.651, 13.348
-181.491, 38.860, 5.675, 13.381
-181.491, 38.670, 5.700, 13.414
-181.491, 38.480, 5.724, 13.447
-181.491, 38.288, 5.747, 13.480
-181.491, 38.096, 5.771, 13.513
-181.491, 37.903, 5.794, 13.546
-181.490, 37.709, 5.817, 13.579
-181.490, 37.515, 5.840, 13.612
-181.490, 37.319, 5.862, 13.645
-181.490, 37.123, 5.885, 13.678
-181.490, 36.927, 5.907, 13.711
-181.490, 36.729, 5.929, 13.744
-181.490, 36.531, 5.951, 13.777
-181.490, 36.332, 5.973, 13.810
-181.490, 36.132, 5.995, 13.843
-181.490, 35.932, 6.016, 13.876
-181.490, 35.731, 6.038, 13.909
-181.489, 35.529, 6.060, 13.942
-181.489, 35.326, 6.081, 13.975
-181.489, 35.123, 6.103, 14.008
-181.489, 34.919, 6.124, 14.041
-181.489, 34.714, 6.145, 14.074
-181.489, 34.509, 6.166, 14.107
-181.489, 34.303, 6.187, 14.140
-181.489, 34.096, 6.208, 14.173
-181.488, 33.888, 6.229, 14.206
-181.488, 33.680, 6.249, 14.239
-181.488, 33.471, 6.270, 14.272
-181.488, 33.262, 6.290, 14.305
-181.488, 33.052, 6.311, 14.338
-181.488, 32.841, 6.331, 14.371
-181.487, 32.629, 6.351, 14.404
-181.487, 32.417, 6.371, 14.437
-181.487, 32.204, 6.391, 14.470
-181.487, 31.990, 6.411, 14.503
-181.487, 31.776, 6.431, 14.536
-181.487, 31.561, 6.451, 14.569
-181.486, 31.346, 6.471, 14.602
-181.486, 31.129, 6.491, 14.635
-181.486, 30.912, 6.511, 14.668
-181.486, 30.695, 6.531, 14.701
-181.486, 30.477, 6.551, 14.734
-181.485, 30.258, 6.572, 14.767
-181.485, 30.038, 6.592, 14.800
-181.485, 29.818, 6.612, 14.833
-181.485, 29.597, 6.633, 14.866
-181.485, 29.375, 6.654, 14.899
-181.484, 29.153, 6.674, 14.932
-181.484, 28.930, 6.695, 14.965
-181.484, 28.706, 6.716, 14.998
-181.484, 28.481, 6.737, 15.031
-181.484, 28.256, 6.758, 15.064
-181.483, 28.030, 6.779, 15.097
-181.483, 27.804, 6.800, 15.130
-181.483, 27.576, 6.822, 15.163
-181.483, 27.348, 6.843, 15.196
-181.482, 27.120, 6.864, 15.229
-181.482, 26.890, 6.885, 15.262
-181.482, 26.660, 6.906, 15.295
-181.481, 26.430, 6.927, 15.328
-181.481, 26.198, 6.949, 15.361
-181.481, 25.966, 6.970, 15.394
-181.481, 25.733, 6.992, 15.427
-181.480, 25.499, 7.013, 15.460
-181.480, 25.265, 7.035, 15.493
-181.480, 25.030, 7.057, 15.526
-181.480, 24.794, 7.079, 15.559
-181.479, 24.557, 7.101, 15.592
-181.479, 24.320, 7.124, 15.625
-181.479, 24.082, 7.146, 15.658
-181.478, 23.843, 7.169, 15.691
-181.478, 23.604, 7.192, 15.724
-181.478, 23.363, 7.215, 15.757
-181.477, 23.122, 7.238, 15.790
-181.477, 22.880, 7.261, 15.823
-181.477, 22.637, 7.284, 15.856
-181.476, 22.394, 7.308, 15.889
-181.476, 22.150, 7.331, 15.922
-181.476, 21.905, 7.354, 15.955
-181.475, 21.659, 7.378, 15.988
-181.475, 21.413, 7.402, 16.021
-181.474, 21.165, 7.426, 16.054
-181.474, 20.917, 7.450, 16.087
-181.474, 20.668, 7.474, 16.120
-181.473, 20.418, 7.498, 16.153
-181.473, 20.168, 7.523, 16.186
-181.472, 19.916, 7.547, 16.219
-181.472, 19.664, 7.572, 16.252
-181.472, 19.411, 7.596, 16.285
-181.471, 19.157, 7.621, 16.318
-181.471, 18.903, 7.645, 16.351
-181.470, 18.647, 7.670, 16.384
-181.470, 18.391, 7.695, 16.417
-181.470, 18.134, 7.719, 16.450
-181.469, 17.876, 7.744, 16.483
-181.469, 17.617, 7.769, 16.516
-181.468, 17.357, 7.795, 16.549
-181.468, 17.097, 7.820, 16.582
-181.467, 16.836, 7.845, 16.615
-181.467, 16.573, 7.871, 16.648
-181.466, 16.310, 7.896, 16.681
-181.466, 16.046, 7.922, 16.714
-181.465, 15.782, 7.948, 16.747
-181.465, 15.516, 7.974, 16.780
-181.464, 15.250, 8.000, 16.813
-181.464, 14.982, 8.026, 16.846
-181.463, 14.714, 8.053, 16.879
-181.463, 14.445, 8.079, 16.912
-181.462, 14.175, 8.106, 16.945
-181.462, 13.904, 8.133, 16.978
-181.461, 13.632, 8.160, 17.011
-181.461, 13.360, 8.187, 17.044
-181.460, 13.086, 8.214, 17.077
-181.460, 12.812, 8.242, 17.110
-181.459, 12.536, 8.269, 17.143
-181.459, 12.260, 8.297, 17.176
-181.458, 11.983, 8.324, 17.209
-181.457, 11.704, 8.352, 17.242
-181.457, 11.425, 8.380, 17.275
-181.456, 11.145, 8.408, 17.308
-181.456, 10.864, 8.436, 17.341
-181.455, 10.582, 8.465, 17.374
-181.454, 10.299, 8.493, 17.407
-181.454, 10.016, 8.522, 17.440
-181.453, 9.731, 8.550, 17.473
-181.453, 9.445, 8.579, 17.506
-181.452, 9.158, 8.608, 17.539
-181.451, 8.871, 8.637, 17.572
-181.451, 8.582, 8.666, 17.605
-181.450, 8.292, 8.695, 17.638
-181.449, 8.002, 8.725, 17.671
-181.449, 7.710, 8.754, 17.704
-181.448, 7.418, 8.784, 17.737
-181.447, 7.124, 8.813, 17.770
-181.447, 6.830, 8.843, 17.803
-181.446, 6.534, 8.873, 17.836
-181.445, 6.238, 8.903, 17.869
-181.444, 5.940, 8.933, 17.902
-181.444, 5.641, 8.963, 17.935
-181.443, 5.342, 8.994, 17.968
-181.442, 5.041, 9.024, 18.001
-181.441, 4.740, 9.055, 18.034
-181.441, 4.437, 9.086, 18.067
-181.440, 4.134, 9.116, 18.100
-181.439, 3.829, 9.147, 18.133
-181.438, 3.523, 9.178, 18.166
-181.438, 3.216, 9.209, 18.199
-181.437, 2.909, 9.240, 18.232
-181.436, 2.600, 9.272, 18.265
-181.435, 2.290, 9.303, 18.298
-181.434, 1.979, 9.334, 18.331
-181.434, 1.667, 9.366, 18.364
-181.433, 1.354, 9.398, 18.397
-181.432, 1.040, 9.430, 18.430
-181.431, 0.725, 9.462, 18.463
-181.430, 0.409, 9.494, 18.496
-181.429, 0.092, 9.526, 18.529
-181.428, -0.227, 9.558, 18.562
-181.428, -0.546, 9.590, 18.595
-181.427, -0.867, 9.623, 18.628
-181.426, -1.188, 9.656, 18.661
-181.425, -1.511, 9.688, 18.694
-181.424, -1.835, 9.721, 18.727
-181.423, -2.160, 9.754, 18.760
-181.422, -2.486, 9.787, 18.793
-181.421, -2.813, 9.820, 18.826
-181.420, -3.141, 9.854, 18.859
-181.419, -3.470, 9.887, 18.892
-181.418, -3.801, 9.921, 18.925
-181.417, -4.132, 9.954, 18.958
-181.416, -4.465, 9.988, 18.991
-181.415, -4.799, 10.022, 19.024
-181.414, -5.134, 10.056, 19.057
-181.413, -5.470, 10.090, 19.090
-181.412, -5.807, 10.124, 19.123
-181.411, -6.145, 10.159, 19.156
-181.410, -6.485, 10.193, 19.189
-181.409, -6.825, 10.228, 19.222
-181.408, -7.167, 10.262, 19.255
-181.407, -7.510, 10.297, 19.288
-181.406, -7.854, 10.332, 19.321
-181.405, -8.199, 10.367, 19.354
-181.404, -8.546, 10.402, 19.387
-181.403, -8.894, 10.437, 19.420
-181.401, -9.242, 10.473, 19.453
-181.400, -9.592, 10.508, 19.486
-181.399, -9.944, 10.544, 19.519
-181.398, -10.296, 10.580, 19.552
-181.397, -10.650, 10.616, 19.585
-181.396, -11.004, 10.652, 19.618
-181.394, -11.360, 10.688, 19.651
-181.393, -11.717, 10.724, 19.684
-181.392, -12.076, 10.760, 19.717
-181.391, -12.435, 10.797, 19.750
-181.390, -12.796, 10.834, 19.783
-181.388, -13.158, 10.870, 19.816
-181.387, -13.522, 10.907, 19.849
-181.386, -13.886, 10.944, 19.882
-181.385, -14.252, 10.981, 19.915
-181.383, -14.619, 11.019, 19.948
-181.382, -14.987, 11.056, 19.981
-181.381, -15.357, 11.094, 20.014
-181.379, -15.727, 11.131, 20.047
-181.378, -16.099, 11.169, 20.080
-181.377, -16.473, 11.207, 20.113
-181.375, -16.847, 11.245, 20.146
-181.374, -17.223, 11.283, 20.179
-181.373, -17.600, 11.321, 20.212
-181.371, -17.978, 11.360, 20.245
-181.370, -18.358, 11.398, 20.278
-181.368, -18.739, 11.437, 20.311
-181.367, -19.121, 11.476, 20.344
-181.365, -19.505, 11.515, 20.377
-181.364, -19.889, 11.555, 20.410
-181.363, -20.276, 11.594, 20.443
-181.361, -20.663, 11.634, 20.476
-181.360, -21.052, 11.673, 20.509
-181.358, -21.442, 11.713, 20.542
-181.357, -21.833, 11.753, 20.575
-181.355, -22.226, 11.792, 20.608
-181.353, -22.620, 11.832, 20.641
-181.352, -23.016, 11.872, 20.674
-181.350, -23.412, 11.911, 20.707
-181.349, -23.810, 11.951, 20.740
-181.347, -24.210, 11.991, 20.773
-181.346, -24.611, 12.030, 20.806
-181.344, -25.013, 12.070, 20.839
-181.342, -25.416, 12.110, 20.872
-181.341, -25.821, 12.149, 20.905
-181.339, -26.227, 12.189, 20.938
-181.337, -26.634, 12.229, 20.971
-181.336, -27.042, 12.269, 21.004
-181.334, -27.452, 12.309, 21.037
-181.332, -27.864, 12.349, 21.070
-181.331, -28.276, 12.389, 21.103
-181.329, -28.690, 12.429, 21.136
-181.327, -29.106, 12.469, 21.169
-181.325, -29.522, 12.510, 21.202
-181.323, -29.940, 12.551, 21.235
-181.322, -30.360, 12.591, 21.268
-181.320, -30.780, 12.632, 21.301
-181.318, -31.203, 12.673, 21.334
-181.316, -31.626, 12.714, 21.367
-181.314, -32.051, 12.755, 21.400
-181.312, -32.477, 12.797, 21.433
-181.311, -32.905, 12.839, 21.466
-181.309, -33.334, 12.880, 21.499
-181.307, -33.764, 12.922, 21.532
-181.305, -34.196, 12.964, 21.565
-181.303, -34.629, 13.007, 21.598
-181.301, -35.064, 13.049, 21.631
-181.299, -35.500, 13.092, 21.664
-181.297, -35.937, 13.135, 21.697
-181.295, -36.376, 13.178, 21.730
-181.293, -36.817, 13.221, 21.763
-181.291, -37.258, 13.264, 21.796
-181.289, -37.702, 13.308, 21.829
-181.287, -38.146, 13.351, 21.862
-181.285, -38.593, 13.395, 21.895
-181.283, -39.040, 13.439, 21.928
-181.280, -39.489, 13.484, 21.961
-181.278, -39.940, 13.528, 21.994
-181.276, -40.392, 13.573, 22.027
-181.274, -40.845, 13.618, 22.060
-181.272, -41.301, 13.663, 22.093
-181.270, -41.757, 13.708, 22.126
-181.267, -42.215, 13.753, 22.159
-181.265, -42.675, 13.799, 22.192
-181.263, -43.136, 13.845, 22.225
-181.261, -43.599, 13.891, 22.258
-181.258, -44.063, 13.937, 22.291
-181.256, -44.528, 13.983, 22.324
-181.254, -44.996, 14.030, 22.357
-181.251, -45.465, 14.076, 22.390
-181.249, -45.935, 14.123, 22.423
-181.247, -46.407, 14.170, 22.456
-181.244, -46.881, 14.217, 22.489
-181.242, -47.356, 14.265, 22.522
-181.239, -47.832, 14.312, 22.555
-181.237, -48.311, 14.360, 22.588
-181.234, -48.791, 14.408, 22.621
-181.232, -49.272, 14.456, 22.654
-181.229, -49.755, 14.504, 22.687
-181.227, -50.240, 14.553, 22.720
-181.224, -50.726, 14.602, 22.753
-181.222, -51.214, 14.651, 22.786
-181.219, -51.704, 14.700, 22.819
-181.217, -52.195, 14.749, 22.852
-181.214, -52.688, 14.798, 22.885
-181.211, -53.182, 14.848, 22.918
-181.209, -53.679, 14.897, 22.951
-181.206, -54.176, 14.947, 22.984
-181.203, -54.676, 14.998, 23.017
-181.201, -55.177, 15.048, 23.050
-181.198, -55.680, 15.098, 23.083
-181.195, -56.185, 15.149, 23.116
-181.192, -56.691, 15.200, 23.149
-181.189, -57.199, 15.251, 23.182
-181.187, -57.708, 15.302, 23.215
-181.184, -58.220, 15.353, 23.248
-181.181, -58.733, 15.405, 23.281
-181.178, -59.248, 15.456, 23.314
-181.175, -59.764, 15.508, 23.347
-181.172, -60.282, 15.560, 23.380
-181.169, -60.802, 15.613, 23.413
-181.166, -61.324, 15.665, 23.446
-181.163, -61.848, 15.717, 23.479
-181.160, -62.373, 15.770, 23.512
-181.157, -62.900, 15.823, 23.545
-181.154, -63.429, 15.876, 23.578
-181.151, -63.959, 15.930, 23.611
-181.148, -64.492, 15.983, 23.644
-181.145, -65.026, 16.037, 23.677
-181.142, -65.562, 16.091, 23.710
-181.138, -66.100, 16.145, 23.743
-181.135, -66.639, 16.199, 23.776
-181.132, -67.180, 16.253, 23.809
-181.129, -67.724, 16.308, 23.842
-181.125, -68.269, 16.363, 23.875
-181.122, -68.815, 16.418, 23.908
-181.119, -69.364, 16.473, 23.941
-181.115, -69.915, 16.528, 23.974
-181.112, -70.467, 16.584, 24.007
-181.109, -71.021, 16.640, 24.040
-181.105, -71.577, 16.696, 24.073
-181.102, -72.135, 16.752, 24.106
-181.098, -72.695, 16.808, 24.139
-181.095, -73.257, 16.865, 24.172
-181.091, -73.820, 16.921, 24.205
-181.088, -74.386, 16.978, 24.238
-181.084, -74.953, 17.035, 24.271
-181.080, -75.522, 17.093, 24.304
-181.077, -76.094, 17.150, 24.337
-181.073, -76.667, 17.208, 24.370
-181.069, -77.242, 17.266, 24.403
-181.066, -77.819, 17.324, 24.436
-181.062, -78.398, 17.382, 24.469
-181.058, -78.979, 17.440, 24.502
-181.054, -79.562, 17.499, 24.535
-181.050, -80.146, 17.558, 24.568
-181.046, -80.733, 17.617, 24.601
-181.043, -81.322, 17.676, 24.634
-181.039, -81.913, 17.736, 24.667
-181.035, -82.505, 17.795, 24.700
-181.031, -83.100, 17.855, 24.733
-181.027, -83.697, 17.915, 24.766
-181.023, -84.295, 17.975, 24.799
-181.019, -84.896, 18.036, 24.832
-181.014, -85.499, 18.097, 24.865
-181.010, -86.104, 18.157, 24.898
-181.006, -86.710, 18.218, 24.931
-181.002, -87.319, 18.279, 24.964
-180.998, -87.930, 18.336, 24.997
-180.994, -88.542, 18.386, 25.030
-180.989, -89.156, 18.426, 25.063
-180.985, -89.771, 18.456, 25.096
-180.981, -90.386, 18.475, 25.129
-180.976, -91.002, 18.485, 25.162
-180.972, -91.618, 18.486, 25.195
-180.967, -92.234, 18.479, 25.228
-180.963, -92.849, 18.463, 25.261
-180.959, -93.463, 18.441, 25.294
-180.954, -94.077, 18.413, 25.327
-180.950, -94.689, 18.380, 25.360
-180.945, -95.300, 18.342, 25.393
-180.941, -95.910, 18.301, 25.426
-180.936, -96.519, 18.257, 25.459
-180.932, -97.125, 18.211, 25.492
-180.928, -97.731, 18.163, 25.525
-180.923, -98.335, 18.113, 25.558
-180.919, -98.937, 18.062, 25.591
-180.914, -99.537, 18.010, 25.624
-180.910, -100.136, 17.958, 25.657
-180.905, -100.733, 17.906, 25.690
-180.901, -101.328, 17.854, 25.723
-180.896, -101.922, 17.802, 25.756
-180.892, -102.514, 17.751, 25.789
-180.887, -103.104, 17.701, 25.822
-180.883, -103.693, 17.651, 25.855
-180.878, -104.280, 17.602, 25.888
-180.873, -104.865, 17.555, 25.921
-180.869, -105.449, 17.508, 25.954
-180.864, -106.032, 17.462, 25.987
-180.860, -106.613, 17.418, 26.020
-180.855, -107.192, 17.375, 26.053
-180.851, -107.770, 17.332, 26.086
-180.846, -108.347, 17.291, 26.119
-180.842, -108.922, 17.251, 26.152
-180.837, -109.496, 17.212, 26.185
-180.833, -110.069, 17.174, 26.218
-180.828, -110.641, 17.136, 26.251
-180.823, -111.211, 17.100, 26.284
-180.819, -111.780, 17.064, 26.317
-180.814, -112.348, 17.029, 26.350
-180.810, -112.915, 16.995, 26.383
-180.805, -113.481, 16.962, 26.416
-180.800, -114.045, 16.929, 26.449
-180.796, -114.609, 16.897, 26.482
-180.791, -115.171, 16.865, 26.515
-180.786, -115.733, 16.834, 26.548
-180.782, -116.293, 16.803, 26.581
-180.777, -116.852, 16.772, 26.614
-180.772, -117.411, 16.742, 26.647
-180.768, -117.968, 16.712, 26.680
-180.763, -118.524, 16.683, 26.713
-180.758, -119.080, 16.653, 26.746
-180.754, -119.634, 16.624, 26.779
-180.749, -120.188, 16.595, 26.812
-180.744, -120.740, 16.567, 26.845
-180.739, -121.292, 16.538, 26.878
-180.735, -121.842, 16.509, 26.911
-180.730, -122.392, 16.481, 26.944
-180.725, -122.940, 16.453, 26.977
-180.720, -123.488, 16.424, 27.010
-180.716, -124.035, 16.396, 27.043
-180.711, -124.581, 16.368, 27.076
-180.706, -125.126, 16.340, 27.109
-180.701, -125.670, 16.312, 27.142
-180.696, -126.213, 16.284, 27.175
-180.692, -126.755, 16.257, 27.208
-180.687, -127.296, 16.229, 27.241
-180.682, -127.836, 16.201, 27.274
-180.677, -128.376, 16.174, 27.307
-180.672, -128.914, 16.146, 27.340
-180.667, -129.452, 16.119, 27.373
-180.663, -129.988, 16.091, 27.406
-180.658, -130.524, 16.064, 27.439
-180.653, -131.059, 16.036, 27.472
-180.648, -131.592, 16.009, 27.505
-180.643, -132.125, 15.982, 27.538
-180.638, -132.657, 15.954, 27.571
-180.633, -133.188, 15.927, 27.604
-180.628, -133.719, 15.900, 27.637
-180.623, -134.248, 15.873, 27.670
-180.618, -134.776, 15.846, 27.703
-180.613, -135.304, 15.819, 27.736
-180.608, -135.831, 15.792, 27.769
-180.603, -136.356, 15.765, 27.802
-180.598, -136.881, 15.739, 27.835
-180.593, -137.405, 15.712, 27.868
-180.588, -137.928, 15.685, 27.901
-180.583, -138.450, 15.659, 27.934
-180.578, -138.972, 15.632, 27.967
-180.573, -139.492, 15.606, 28.000
-180.568, -140.011, 15.580, 28.033
-180.563, -140.530, 15.553, 28.066
-180.558, -141.048, 15.527, 28.099
-180.553, -141.565, 15.501, 28.132
-180.548, -142.081, 15.475, 28.165
-180.543, -142.596, 15.449, 28.198
-180.538, -143.110, 15.422, 28.231
-180.533, -143.624, 15.397, 28.264
-180.527, -144.136, 15.371, 28.297
-180.522, -144.648, 15.345, 28.330
-180.517, -145.159, 15.319, 28.363
-180.512, -145.669, 15.293, 28.396
-180.507, -146.178, 15.268, 28.429
-180.502, -146.686, 15.242, 28.462
-180.496, -147.193, 15.216, 28.495
-180.491, -147.700, 15.191, 28.528
-180.486, -148.206, 15.165, 28.561
-180.481, -148.710, 15.140, 28.594
-180.476, -149.214, 15.115, 28.627
-180.470, -149.718, 15.089, 28.660
-180.465, -150.220, 15.064, 28.693
-180.460, -150.721, 15.039, 28.726
-180.454, -151.222, 15.014, 28.759
-180.449, -151.722, 14.989, 28.792
-180.444, -152.221, 14.964, 28.825
-180.438, -152.719, 14.939, 28.858
-180.433, -153.216, 14.914, 28.891
-180.428, -153.713, 14.889, 28.924
-180.422, -154.208, 14.864, 28.957
-180.417, -154.703, 14.839, 28.990
-180.412, -155.197, 14.814, 29.023
-180.406, -155.690, 14.790, 29.056
-180.401, -156.183, 14.765, 29.089
-180.395, -156.674, 14.740, 29.122
-180.390, -157.165, 14.716, 29.155
-180.384, -157.655, 14.691, 29.188
-180.379, -158.144, 14.667, 29.221
-180.373, -158.632, 14.642, 29.254
-180.368, -159.120, 14.618, 29.287
-180.362, -159.606, 14.594, 29.320
-180.357, -160.092, 14.569, 29.353
-180.351, -160.577, 14.545, 29.386
-180.346, -161.061, 14.521, 29.419
-180.340, -161.545, 14.497, 29.452
-180.335, -162.027, 14.473, 29.485
-180.329, -162.509, 14.449, 29.518
-180.323, -162.990, 14.425, 29.551
-180.318, -163.470, 14.401, 29.584
-180.312, -163.950, 14.377, 29.617
-180.306, -164.428, 14.353, 29.650
-180.301, -164.906, 14.329, 29.683
-180.295, -165.383, 14.305, 29.716
-180.289, -165.859, 14.281, 29.749
-180.283, -166.335, 14.258, 29.782
-180.278, -166.809, 14.234, 29.815
-180.272, -167.283, 14.210, 29.848
-180.266, -167.756, 14.187, 29.881
-180.260, -168.229, 14.163, 29.914
-180.254, -168.700, 14.139, 29.947
-180.248, -169.171, 14.116, 29.980
-180.242, -169.641, 14.093, 30.013
-180.236, -170.110, 14.069, 30.046
-180.230, -170.578, 14.046, 30.079
-180.224, -171.046, 14.022, 30.112
-180.218, -171.513, 13.999, 30.145
-180.212, -171.979, 13.976, 30.178
-180.206, -172.444, 13.953, 30.211
-180.200, -172.908, 13.930, 30.244
-180.194, -173.372, 13.906, 30.277
-180.188, -173.835, 13.883, 30.310
-180.182, -174.297, 13.860, 30.343
-180.176, -174.758, 13.837, 30.376
-180.169, -175.219, 13.814, 30.409
-180.163, -175.679, 13.791, 30.442
-180.157, -176.138, 13.769, 30.475
-180.150, -176.596, 13.746, 30.508
-180.144, -177.054, 13.723, 30.541
-180.138, -177.511, 13.700, 30.574
-180.131, -177.967, 13.677, 30.607
-180.125, -178.422, 13.655, 30.640
-180.118, -178.877, 13.632, 30.673
-180.112, -179.331, 13.609, 30.706
-180.105, -179.784, 13.587, 30.739
-180.098, -180.236, 13.564, 30.772
-180.092, -180.687, 13.542, 30.805
-180.085, -181.138, 13.519, 30.838
-180.078, -181.588, 13.497, 30.871
-180.072, -182.038, 13.475, 30.904
-180.065, -182.486, 13.452, 30.937
-180.058, -182.934, 13.430, 30.970
-180.051, -183.381, 13.408, 31.003
-180.044, -183.827, 13.385, 31.036
-180.037, -184.273, 13.363, 31.069
-180.029, -184.718, 13.341, 31.102
-180.022, -185.162, 13.319, 31.135
-180.015, -185.605, 13.297, 31.168
-180.008, -186.048, 13.275, 31.201
-180.000, -186.490, 13.253, 31.234
-179.993, -186.931, 13.231, 31.267
-179.985, -187.371, 13.209, 31.300
-179.977, -187.811, 13.187, 31.333
-179.970, -188.250, 13.165, 31.366
-179.962, -188.688, 13.143, 31.399
-179.954, -189.125, 13.121, 31.432
-179.945, -189.562, 13.100, 31.465
-179.937, -189.998, 13.078, 31.498
-179.929, -190.434, 13.056, 31.531
-179.920, -190.868, 13.035, 31.564
-179.912, -191.302, 13.013, 31.597
-179.903, -191.735, 12.991, 31.630
-179.894, -192.168, 12.970, 31.663
-179.885, -192.599, 12.948, 31.696
-179.875, -193.030, 12.927, 31.729
-179.865, -193.460, 12.905, 31.762
-179.856, -193.890, 12.884, 31.795
-179.845, -194.319, 12.863, 31.828
-179.834, -194.747, 12.841, 31.861
-179.821, -195.174, 12.820, 31.894
-179.805, -195.601, 12.794, 31.927
-179.783, -196.026, 12.768, 31.960
-179.759, -196.450, 12.744, 31.993
-179.728, -196.873, 12.714, 32.026
-179.691, -197.294, 12.693, 32.059
-179.647, -197.714, 12.673, 32.092
-179.597, -198.133, 12.669, 32.125
-179.541, -198.552, 12.680, 32.158
-179.479, -198.970, 12.690, 32.191
-179.413, -199.388, 12.714, 32.224
-179.339, -199.806, 12.738, 32.257
-179.262, -200.224, 12.772, 32.290
-179.179, -200.642, 12.808, 32.323
-179.092, -201.061, 12.851, 32.356
-179.004, -201.482, 12.897, 32.389
-178.910, -201.903, 12.944, 32.422
-178.814, -202.325, 12.995, 32.455
-178.713, -202.747, 13.044, 32.488
-178.609, -203.171, 13.098, 32.521
-178.500, -203.595, 13.149, 32.554
-178.387, -204.020, 13.204, 32.587
-178.273, -204.446, 13.261, 32.620
-178.154, -204.873, 13.315, 32.653
-178.032, -205.302, 13.371, 32.686
-177.906, -205.730, 13.424, 32.719
-177.776, -206.160, 13.481, 32.752
-177.642, -206.590, 13.535, 32.785
-177.504, -207.021, 13.593, 32.818
-177.363, -207.453, 13.648, 32.851
-177.218, -207.885, 13.706, 32.884
-177.071, -208.319, 13.765, 32.917
-176.921, -208.754, 13.820, 32.950
-176.768, -209.190, 13.878, 32.983
-176.611, -209.626, 13.933, 33.016
-176.451, -210.064, 13.990, 33.049
-176.287, -210.502, 14.044, 33.082
-176.120, -210.940, 14.101, 33.115
-175.950, -211.380, 14.155, 33.148
-175.777, -211.820, 14.211, 33.181
-175.600, -212.261, 14.266, 33.214
-175.421, -212.703, 14.322, 33.247
-175.239, -213.145, 14.376, 33.280
-175.055, -213.589, 14.432, 33.313
-174.868, -214.034, 14.487, 33.346
-174.678, -214.479, 14.541, 33.379
-174.487, -214.926, 14.596, 33.412
-174.291, -215.373, 14.649, 33.445
-174.094, -215.821, 14.703, 33.478
-173.893, -216.269, 14.756, 33.511
-173.689, -216.718, 14.810, 33.544
-173.483, -217.168, 14.862, 33.577
-173.274, -217.618, 14.916, 33.610
-173.062, -218.070, 14.969, 33.643
-172.848, -218.522, 15.024, 33.676
-172.631, -218.975, 15.077, 33.709
-172.412, -219.428, 15.131, 33.742
-172.191, -219.883, 15.184, 33.775
-171.967, -220.338, 15.238, 33.808
-171.741, -220.795, 15.292, 33.841
-171.512, -221.252, 15.346, 33.874
-171.282, -221.710, 15.399, 33.907
-171.049, -222.169, 15.453, 33.940
-170.813, -222.628, 15.507, 33.973
-170.576, -223.089, 15.561, 34.006
-170.336, -223.550, 15.614, 34.039
-170.094, -224.012, 15.669, 34.072
-169.850, -224.475, 15.722, 34.105
-169.603, -224.939, 15.777, 34.138
-169.354, -225.404, 15.831, 34.171
-169.104, -225.870, 15.886, 34.204
-168.851, -226.337, 15.940, 34.237
-168.595, -226.804, 15.994, 34.270
-168.338, -227.273, 16.049, 34.303
-168.078, -227.742, 16.104, 34.336
-167.817, -228.212, 16.160, 34.369
-167.553, -228.684, 16.215, 34.402
-167.288, -229.156, 16.271, 34.435
-167.021, -229.630, 16.326, 34.468
-166.752, -230.104, 16.382, 34.501
-166.481, -230.580, 16.438, 34.534
-166.208, -231.057, 16.494, 34.567
-165.933, -231.535, 16.550, 34.600
-165.656, -232.014, 16.607, 34.633
-165.378, -232.493, 16.663, 34.666
-165.097, -232.974, 16.719, 34.699
-164.814, -233.456, 16.776, 34.732
-164.529, -233.939, 16.833, 34.765
-164.243, -234.423, 16.891, 34.798
-163.955, -234.909, 16.948, 34.831
-163.665, -235.396, 17.006, 34.864
-163.374, -235.883, 17.064, 34.897
-163.081, -236.373, 17.122, 34.930
-162.786, -236.863, 17.180, 34.963
-162.490, -237.355, 17.238, 34.996
-162.191, -237.848, 17.296, 35.029
-161.891, -238.342, 17.355, 35.062
-161.590, -238.837, 17.414, 35.095
-161.286, -239.334, 17.473, 35.128
-160.982, -239.832, 17.532, 35.161
-160.676, -240.331, 17.591, 35.194
-160.368, -240.832, 17.651, 35.227
-160.058, -241.334, 17.711, 35.260
-159.747, -241.838, 17.771, 35.293
-159.435, -242.343, 17.831, 35.326
-159.121, -242.850, 17.891, 35.359
-158.806, -243.358, 17.951, 35.392
-158.489, -243.867, 18.012, 35.425
-158.171, -244.378, 18.073, 35.458
-157.852, -244.891, 18.134, 35.491
-157.531, -245.405, 18.195, 35.524
-157.209, -245.921, 18.257, 35.557
-156.886, -246.439, 18.319, 35.590
-156.562, -246.958, 18.380, 35.623
-156.236, -247.479, 18.443, 35.656
-155.910, -248.002, 18.505, 35.689
-155.582, -248.526, 18.567, 35.722
-155.253, -249.053, 18.630, 35.755
-154.924, -249.581, 18.693, 35.788
-154.593, -250.111, 18.756, 35.821
-154.261, -250.643, 18.819, 35.854
-153.929, -251.177, 18.882, 35.887
-153.596, -251.713, 18.946, 35.920
-153.262, -252.251, 19.010, 35.953
-152.928, -252.791, 19.073, 35.986
-152.592, -253.333, 19.137, 36.019
-152.257, -253.877, 19.199, 36.052
-151.921, -254.424, 19.254, 36.085
-151.585, -254.972, 19.300, 36.118
-151.249, -255.521, 19.336, 36.151
-150.914, -256.072, 19.362, 36.184
-150.579, -256.625, 19.378, 36.217
-150.246, -257.178, 19.385, 36.250
-149.914, -257.732, 19.384, 36.283
-149.584, -258.286, 19.375, 36.316
-149.255, -258.841, 19.358, 36.349
-148.929, -259.396, 19.336, 36.382
-148.604, -259.952, 19.308, 36.415
-148.282, -260.508, 19.276, 36.448
-147.963, -261.064, 19.240, 36.481
-147.646, -261.620, 19.201, 36.514
-147.333, -262.176, 19.159, 36.547
-147.024, -262.733, 19.114, 36.580
-146.719, -263.291, 19.066, 36.613
-146.420, -263.849, 19.018, 36.646
-146.126, -264.409, 18.967, 36.679
-145.839, -264.971, 18.920, 36.712
-145.558, -265.534, 18.882, 36.745
-145.284, -266.099, 18.850, 36.778
-145.015, -266.666, 18.828, 36.811
-144.752, -267.235, 18.813, 36.844
-144.495, -267.807, 18.803, 36.877
-144.242, -268.380, 18.803, 36.910
-143.993, -268.956, 18.808, 36.943
-143.747, -269.534, 18.822, 36.976
-143.506, -270.114, 18.841, 37.009
-143.268, -270.696, 18.865, 37.042
-143.033, -271.281, 18.895, 37.075
-142.802, -271.868, 18.927, 37.108
-142.574, -272.457, 18.961, 37.141
-142.350, -273.049, 18.995, 37.174
-142.129, -273.644, 19.027, 37.207
-141.912, -274.240, 19.055, 37.240
-141.698, -274.839, 19.083, 37.273
-141.487, -275.440, 19.107, 37.306
-141.280, -276.043, 19.129, 37.339
-141.077, -276.647, 19.145, 37.372
-140.877, -277.253, 19.157, 37.405
-140.681, -277.861, 19.166, 37.438
-140.489, -278.470, 19.170, 37.471
-140.301, -279.081, 19.170, 37.504
-140.116, -279.692, 19.166, 37.537
-139.935, -280.304, 19.158, 37.570
-139.757, -280.917, 19.147, 37.603
-139.582, -281.530, 19.131, 37.636
-139.412, -282.143, 19.112, 37.669
-139.244, -282.757, 19.089, 37.702
-139.081, -283.371, 19.064, 37.735
-138.921, -283.985, 19.035, 37.768
-138.765, -284.599, 19.004, 37.801
-138.613, -285.213, 18.971, 37.834
-138.464, -285.826, 18.936, 37.867
-138.319, -286.439, 18.900, 37.900
-138.177, -287.051, 18.862, 37.933
-138.038, -287.663, 18.823, 37.966
-137.902, -288.275, 18.783, 37.999
-137.771, -288.885, 18.743, 38.032
-137.642, -289.495, 18.701, 38.065
-137.517, -290.105, 18.660, 38.098
-137.395, -290.713, 18.618, 38.131
-137.276, -291.321, 18.576, 38.164
-137.161, -291.928, 18.534, 38.197
-137.049, -292.535, 18.492, 38.230
-136.941, -293.140, 18.450, 38.263
-136.836, -293.745, 18.408, 38.296
-136.734, -294.349, 18.368, 38.329
-136.636, -294.952, 18.327, 38.362
-136.539, -295.554, 18.288, 38.395
-136.446, -296.155, 18.248, 38.428
-136.357, -296.756, 18.209, 38.461
-136.270, -297.356, 18.171, 38.494
-136.186, -297.954, 18.134, 38.527
-136.105, -298.552, 18.097, 38.560
-136.027, -299.150, 18.060, 38.593
-135.953, -299.746, 18.024, 38.626
-135.881, -300.341, 17.988, 38.659
-135.812, -300.936, 17.953, 38.692
-135.746, -301.530, 17.919, 38.725
-135.683, -302.123, 17.885, 38.758
-135.623, -302.715, 17.851, 38.791
-135.566, -303.307, 17.818, 38.824
-135.512, -303.897, 17.786, 38.857
-135.461, -304.487, 17.754, 38.890
-135.412, -305.076, 17.722, 38.923
-135.366, -305.664, 17.691, 38.956
-135.323, -306.251, 17.660, 38.989
-135.283, -306.838, 17.629, 39.022
-135.246, -307.424, 17.598, 39.055
-135.212, -308.008, 17.568, 39.088
-135.180, -308.592, 17.538, 39.121
-135.152, -309.175, 17.508, 39.154
-135.127, -309.758, 17.478, 39.187
-135.104, -310.339, 17.449, 39.220
-135.085, -310.919, 17.419, 39.253
-135.067, -311.499, 17.391, 39.286
-135.053, -312.078, 17.362, 39.319
-135.041, -312.656, 17.333, 39.352
-135.032, -313.233, 17.305, 39.385
-135.026, -313.809, 17.275, 39.418
-135.023, -314.384, 17.247, 39.451
-135.024, -314.958, 17.218, 39.484
-135.026, -315.531, 17.190, 39.517
-135.032, -316.103, 17.162, 39.550
-135.040, -316.674, 17.134, 39.583
-135.051, -317.244, 17.106, 39.616
-135.066, -317.814, 17.077, 39.649
-135.083, -318.382, 17.049, 39.682
-135.104, -318.949, 17.021, 39.715
-135.127, -319.515, 16.994, 39.748
-135.153, -320.080, 16.966, 39.781
-135.181, -320.644, 16.939, 39.814
-135.213, -321.207, 16.911, 39.847
-135.247, -321.769, 16.884, 39.880
-135.284, -322.330, 16.856, 39.913
-135.325, -322.889, 16.827, 39.946
-135.369, -323.448, 16.800, 39.979
-135.416, -324.005, 16.772, 40.012
-135.466, -324.561, 16.745, 40.045
-135.519, -325.116, 16.718, 40.078
-135.575, -325.670, 16.691, 40.111
-135.633, -326.222, 16.664, 40.144
-135.695, -326.773, 16.637, 40.177
-135.759, -327.323, 16.610, 40.210
-135.828, -327.872, 16.582, 40.243
-135.900, -328.419, 16.555, 40.276
-135.975, -328.965, 16.528, 40.309
-136.052, -329.510, 16.502, 40.342
-136.134, -330.053, 16.475, 40.375
-136.217, -330.595, 16.449, 40.408
-136.304, -331.135, 16.422, 40.441
-136.394, -331.675, 16.396, 40.474
-136.488, -332.212, 16.369, 40.507
-136.584, -332.749, 16.343, 40.540
-136.684, -333.283, 16.316, 40.573
-136.788, -333.816, 16.288, 40.606
-136.896, -334.348, 16.262, 40.639
-137.007, -334.877, 16.235, 40.672
-137.121, -335.405, 16.210, 40.705
-137.239, -335.932, 16.183, 40.738
-137.360, -336.457, 16.158, 40.771
-137.485, -336.980, 16.132, 40.804
-137.612, -337.501, 16.107, 40.837
-137.743, -338.021, 16.081, 40.870
-137.877, -338.539, 16.056, 40.903
-138.016, -339.055, 16.029, 40.936
-138.157, -339.570, 16.004, 40.969
-138.303, -340.082, 15.977, 41.002
-138.452, -340.592, 15.951, 41.035
-138.605, -341.101, 15.925, 41.068
-138.763, -341.606, 15.897, 41.101
-138.925, -342.110, 15.871, 41.134
-139.092, -342.611, 15.845, 41.167
-139.261, -343.110, 15.820, 41.200
-139.435, -343.607, 15.795, 41.233
-139.612, -344.102, 15.771, 41.266
-139.793, -344.595, 15.746, 41.299
-139.977, -345.085, 15.722, 41.332
-140.166, -345.573, 15.697, 41.365
-140.358, -346.059, 15.673, 41.398
-140.555, -346.542, 15.646, 41.431
-140.755, -347.023, 15.622, 41.464
-140.960, -347.500, 15.595, 41.497
-141.169, -347.975, 15.571, 41.530
-141.383, -348.447, 15.544, 41.563
-141.600, -348.916, 15.519, 41.596
-141.823, -349.382, 15.492, 41.629
-142.049, -349.845, 15.469, 41.662
-142.280, -350.305, 15.442, 41.695
-142.515, -350.762, 15.418, 41.728
-142.756, -351.215, 15.393, 41.761
-143.000, -351.665, 15.378, 41.794
-143.250, -352.112, 15.368, 41.827
-143.503, -352.557, 15.370, 41.860
-143.760, -353.000, 15.382, 41.893
-144.018, -353.444, 15.401, 41.926
-144.277, -353.889, 15.425, 41.959
-144.535, -354.335, 15.453, 41.992
-144.793, -354.783, 15.488, 42.025
-145.050, -355.232, 15.529, 42.058
-145.307, -355.684, 15.575, 42.091
-145.564, -356.137, 15.626, 42.124
-145.821, -356.592, 15.680, 42.157
-146.078, -357.049, 15.736, 42.190
-146.337, -357.508, 15.795, 42.223
-146.598, -357.967, 15.857, 42.256
-146.860, -358.429, 15.922, 42.289
-147.123, -358.892, 15.989, 42.322
-147.389, -359.356, 16.059, 42.355
-147.656, -359.823, 16.130, 42.388
-147.925, -360.291, 16.203, 42.421
-148.195, -360.761, 16.276, 42.454
-148.466, -361.233, 16.349, 42.487
-148.739, -361.707, 16.422, 42.520
-149.013, -362.183, 16.495, 42.553
-149.289, -362.661, 16.569, 42.586
-149.566, -363.141, 16.643, 42.619
-149.844, -363.624, 16.716, 42.652
-150.123, -364.108, 16.789, 42.685
-150.404, -364.595, 16.862, 42.718
-150.686, -365.083, 16.934, 42.751
-150.969, -365.573, 17.006, 42.784
-151.254, -366.066, 17.077, 42.817
-151.540, -366.560, 17.147, 42.850
-151.827, -367.056, 17.217, 42.883
-152.115, -367.554, 17.286, 42.916
-152.405, -368.054, 17.355, 42.949
-152.696, -368.556, 17.423, 42.982
-152.988, -369.060, 17.491, 43.015
-153.281, -369.566, 17.558, 43.048
-153.575, -370.074, 17.625, 43.081
-153.871, -370.584, 17.691, 43.114
-154.167, -371.096, 17.757, 43.147
-154.464, -371.610, 17.822, 43.180
-154.762, -372.125, 17.887, 43.213
-155.062, -372.643, 17.951, 43.246
-155.362, -373.162, 18.016, 43.279
-155.663, -373.684, 18.080, 43.312
-155.965, -374.207, 18.144, 43.345
-156.268, -374.732, 18.207, 43.378
-156.572, -375.259, 18.271, 43.411
-156.877, -375.788, 18.334, 43.444
-157.183, -376.319, 18.398, 43.477
-157.489, -376.852, 18.461, 43.510
-157.797, -377.387, 18.524, 43.543
-158.105, -377.924, 18.588, 43.576
-158.414, -378.463, 18.651, 43.609
-158.723, -379.004, 18.715, 43.642
-159.034, -379.547, 18.778, 43.675
-159.345, -380.092, 18.842, 43.708
-159.656, -380.640, 18.906, 43.741
-159.969, -381.189, 18.970, 43.774
-160.282, -381.740, 19.034, 43.807
-160.595, -382.293, 19.098, 43.840
-160.909, -382.849, 19.163, 43.873
-161.224, -383.407, 19.227, 43.906
-161.539, -383.967, 19.292, 43.939
-161.855, -384.529, 19.357, 43.972
-162.171, -385.093, 19.423, 44.005
-162.488, -385.660, 19.488, 44.038
-162.806, -386.228, 19.554, 44.071
-163.123, -386.799, 19.620, 44.104
-163.442, -387.373, 19.687, 44.137
-163.760, -387.948, 19.753, 44.170
-164.079, -388.526, 19.820, 44.203
-164.398, -389.107, 19.887, 44.236
-164.718, -389.689, 19.954, 44.269
-165.038, -390.275, 20.022, 44.302
-165.358, -390.862, 20.089, 44.335
-165.678, -391.452, 20.157, 44.368
-165.998, -392.045, 20.225, 44.401
-166.319, -392.640, 20.294, 44.434
-166.640, -393.237, 20.362, 44.467
-166.961, -393.837, 20.431, 44.500
-167.282, -394.440, 20.501, 44.533
-167.603, -395.045, 20.570, 44.566
-167.924, -395.653, 20.640, 44.599
-168.245, -396.264, 20.710, 44.632
-168.566, -396.877, 20.779, 44.665
-168.887, -397.493, 20.850, 44.698
-169.207, -398.111, 20.920, 44.731
-169.528, -398.733, 20.991, 44.764
-169.849, -399.357, 21.062, 44.797
-170.169, -399.984, 21.133, 44.830
-170.489, -400.613, 21.205, 44.863
-170.808, -401.246, 21.276, 44.896
-171.127, -401.881, 21.347, 44.929
-171.446, -402.519, 21.411, 44.962
-171.764, -403.160, 21.466, 44.995
-172.081, -403.802, 21.509, 45.028
-172.397, -404.446, 21.538, 45.061
-172.712, -405.092, 21.555, 45.094
-173.025, -405.738, 21.560, 45.127
-173.336, -406.385, 21.554, 45.160
-173.646, -407.032, 21.537, 45.193
-173.953, -407.679, 21.510, 45.226
-174.259, -408.326, 21.476, 45.259
-174.562, -408.973, 21.435, 45.292
-174.863, -409.619, 21.387, 45.325
-175.161, -410.264, 21.335, 45.358
-175.457, -410.909, 21.279, 45.391
-175.750, -411.553, 21.219, 45.424
-176.040, -412.195, 21.157, 45.457
-176.328, -412.837, 21.092, 45.490
-176.613, -413.477, 21.026, 45.523
-176.895, -414.117, 20.960, 45.556
-177.174, -414.755, 20.892, 45.589
-177.451, -415.391, 20.825, 45.622
-177.725, -416.027, 20.759, 45.655
-177.996, -416.661, 20.693, 45.688
-178.265, -417.295, 20.628, 45.721
-178.531, -417.927, 20.564, 45.754
-178.794, -418.558, 20.501, 45.787
-179.055, -419.188, 20.440, 45.820
-179.312, -419.817, 20.381, 45.853
-179.567, -420.445, 20.323, 45.886
-179.819, -421.072, 20.267, 45.919
-180.069, -421.698, 20.213, 45.952
-180.316, -422.323, 20.161, 45.985
-180.561, -422.948, 20.111, 46.018
-180.803, -423.572, 20.062, 46.051
-181.042, -424.195, 20.015, 46.084
-181.280, -424.817, 19.970, 46.117
-181.514, -425.439, 19.926, 46.150
-181.747, -426.060, 19.884, 46.183
-181.978, -426.680, 19.843, 46.216
-182.205, -427.300, 19.804, 46.249
-182.430, -427.920, 19.765, 46.282
-182.653, -428.539, 19.728, 46.315
-182.872, -429.158, 19.690, 46.348
-183.086, -429.777, 19.653, 46.381
-183.295, -430.397, 19.615, 46.414
-183.498, -431.018, 19.582, 46.447
-183.695, -431.639, 19.557, 46.480
-183.887, -432.261, 19.538, 46.513
-184.073, -432.885, 19.525, 46.546
-184.254, -433.510, 19.521, 46.579
-184.432, -434.136, 19.523, 46.612
-184.606, -434.764, 19.531, 46.645
-184.778, -435.392, 19.546, 46.678
-184.949, -436.022, 19.566, 46.711
-185.119, -436.653, 19.591, 46.744
-185.288, -437.285, 19.622, 46.777
-185.456, -437.919, 19.658, 46.810
-185.623, -438.555, 19.697, 46.843
-185.788, -439.191, 19.738, 46.876
-185.953, -439.830, 19.780, 46.909
-186.116, -440.470, 19.825, 46.942
-186.278, -441.112, 19.871, 46.975
-186.438, -441.757, 19.919, 47.008
-186.596, -442.403, 19.971, 47.041
-186.753, -443.051, 20.024, 47.074
-186.909, -443.702, 20.079, 47.107
-187.063, -444.355, 20.136, 47.140
-187.217, -445.010, 20.194, 47.173
-187.370, -445.667, 20.254, 47.206
-187.523, -446.326, 20.315, 47.239
-187.675, -446.988, 20.377, 47.272
-187.826, -447.652, 20.440, 47.305
-187.977, -448.318, 20.505, 47.338
-188.127, -448.987, 20.570, 47.371
-188.277, -449.658, 20.636, 47.404
-188.426, -450.331, 20.703, 47.437
-188.575, -451.007, 20.770, 47.470
-188.723, -451.685, 20.838, 47.503
-188.870, -452.366, 20.907, 47.536
-189.017, -453.049, 20.976, 47.569
-189.163, -453.735, 21.045, 47.602
-189.308, -454.423, 21.116, 47.635
-189.453, -455.114, 21.186, 47.668
-189.598, -455.807, 21.257, 47.701
-189.742, -456.503, 21.328, 47.734
-189.886, -457.201, 21.400, 47.767
-190.029, -457.901, 21.472, 47.800
-190.172, -458.605, 21.544, 47.833
-190.315, -459.310, 21.616, 47.866
-190.457, -460.019, 21.689, 47.899
-190.599, -460.729, 21.761, 47.932
-190.741, -461.443, 21.834, 47.965
-190.883, -462.158, 21.907, 47.998
-191.024, -462.877, 21.980, 48.031
-191.165, -463.598, 22.053, 48.064
-191.305, -464.321, 22.126, 48.097
-191.445, -465.047, 22.200, 48.130
-191.585, -465.776, 22.273, 48.163
-191.725, -466.507, 22.346, 48.196
-191.864, -467.241, 22.419, 48.229
-192.003, -467.977, 22.493, 48.262
-192.142, -468.715, 22.566, 48.295
-192.281, -469.457, 22.639, 48.328
-192.419, -470.200, 22.712, 48.361
-192.557, -470.947, 22.783, 48.394
-192.695, -471.695, 22.852, 48.427
-192.833, -472.446, 22.917, 48.460
-192.970, -473.199, 22.978, 48.493
-193.107, -473.954, 23.034, 48.526
-193.243, -474.711, 23.084, 48.559
-193.380, -475.469, 23.128, 48.592
-193.516, -476.229, 23.166, 48.625
-193.651, -476.990, 23.197, 48.658
-193.786, -477.751, 23.222, 48.691
-193.920, -478.514, 23.240, 48.724
-194.054, -479.277, 23.252, 48.757
-194.187, -480.040, 23.257, 48.790
-194.319, -480.804, 23.257, 48.823
-194.451, -481.567, 23.251, 48.856
-194.583, -482.330, 23.240, 48.889
-194.713, -483.093, 23.224, 48.922
-194.843, -483.855, 23.205, 48.955
-194.973, -484.617, 23.182, 48.988
-195.102, -485.378, 23.156, 49.021
-195.230, -486.138, 23.128, 49.054
-195.357, -486.897, 23.098, 49.087
-195.484, -487.655, 23.066, 49.120
-195.610, -488.413, 23.033, 49.153
-195.735, -489.169, 23.000, 49.186
-195.859, -489.924, 22.966, 49.219
-195.983, -490.679, 22.932, 49.252
-196.106, -491.432, 22.899, 49.285
-196.229, -492.184, 22.866, 49.318
-196.351, -492.936, 22.833, 49.351
-196.472, -493.686, 22.801, 49.384
-196.592, -494.436, 22.771, 49.417
-196.712, -495.184, 22.741, 49.450
-196.832, -495.932, 22.713, 49.483
-196.950, -496.679, 22.685, 49.516
-197.069, -497.425, 22.659, 49.549
-197.186, -498.171, 22.635, 49.582
-197.303, -498.916, 22.612, 49.615
-197.420, -499.660, 22.590, 49.648
-197.536, -500.403, 22.570, 49.681
-197.651, -501.146, 22.551, 49.714
-197.766, -501.889, 22.533, 49.747
-197.880, -502.631, 22.516, 49.780
-197.994, -503.372, 22.501, 49.813
-198.107, -504.113, 22.487, 49.846
-198.220, -504.854, 22.473, 49.879
-198.332, -505.594, 22.461, 49.912
-198.444, -506.335, 22.450, 49.945
-198.556, -507.074, 22.440, 49.978
-198.667, -507.814, 22.430, 50.011
-198.777, -508.553, 22.421, 50.044
-198.887, -509.292, 22.413, 50.077
-198.997, -510.031, 22.405, 50.110
-199.106, -510.770, 22.398, 50.143
-199.215, -511.508, 22.391, 50.176
-199.323, -512.247, 22.385, 50.209
-199.431, -512.985, 22.380, 50.242
-199.539, -513.723, 22.374, 50.275
-199.646, -514.461, 22.369, 50.308
-199.753, -515.199, 22.364, 50.341
-199.859, -515.937, 22.360, 50.374
-199.965, -516.674, 22.355, 50.407
-200.070, -517.412, 22.351, 50.440
-200.175, -518.150, 22.347, 50.473
-200.280, -518.887, 22.343, 50.506
-200.384, -519.624, 22.340, 50.539
-200.488, -520.362, 22.336, 50.572
-200.591, -521.099, 22.333, 50.605
-200.694, -521.836, 22.329, 50.638
-200.797, -522.573, 22.326, 50.671
-200.899, -523.310, 22.323, 50.704
-201.001, -524.048, 22.320, 50.737
-201.102, -524.785, 22.316, 50.770
-201.204, -525.521, 22.311, 50.803
-201.304, -526.258, 22.301, 50.836
-201.404, -526.994, 22.286, 50.869
-201.504, -527.730, 22.267, 50.902
-201.603, -528.464, 22.243, 50.935
-201.702, -529.198, 22.216, 50.968
-201.800, -529.932, 22.186, 51.001
-201.898, -530.664, 22.153, 51.034
-201.995, -531.394, 22.117, 51.067
-202.092, -532.124, 22.079, 51.100
-202.188, -532.853, 22.038, 51.133
-202.284, -533.580, 21.996, 51.166
-202.379, -534.305, 21.952, 51.199
-202.474, -535.030, 21.907, 51.232
-202.567, -535.753, 21.861, 51.265
-202.661, -536.474, 21.815, 51.298
-202.754, -537.194, 21.767, 51.331
-202.846, -537.912, 21.720, 51.364
-202.938, -538.629, 21.672, 51.397
-203.029, -539.344, 21.624, 51.430
-203.119, -540.058, 21.576, 51.463
-203.209, -540.770, 21.528, 51.496
-203.299, -541.481, 21.481, 51.529
-203.388, -542.190, 21.434, 51.562
-203.476, -542.898, 21.387, 51.595
-203.564, -543.604, 21.341, 51.628
-203.652, -544.309, 21.296, 51.661
-203.739, -545.012, 21.251, 51.694
-203.825, -545.714, 21.207, 51.727
-203.911, -546.415, 21.163, 51.760
-203.996, -547.114, 21.120, 51.793
-204.081, -547.812, 21.078, 51.826
-204.165, -548.508, 21.036, 51.859
-204.249, -549.204, 20.996, 51.892
-204.332, -549.897, 20.955, 51.925
-204.415, -550.590, 20.915, 51.958
-204.497, -551.281, 20.876, 51.991
-204.579, -551.972, 20.837, 52.024
-204.660, -552.660, 20.799, 52.057
-204.741, -553.348, 20.762, 52.090
-204.821, -554.035, 20.724, 52.123
-204.901, -554.720, 20.688, 52.156
-204.980, -555.404, 20.651, 52.189
-205.059, -556.087, 20.615, 52.222
-205.138, -556.769, 20.579, 52.255
-205.216, -557.449, 20.544, 52.288
-205.293, -558.129, 20.508, 52.321
-205.370, -558.807, 20.473, 52.354
-205.447, -559.485, 20.438, 52.387
-205.523, -560.161, 20.404, 52.420
-205.598, -560.836, 20.369, 52.453
-205.673, -561.510, 20.335, 52.486
-205.748, -562.183, 20.301, 52.519
-205.822, -562.855, 20.267, 52.552
-205.895, -563.525, 20.233, 52.585
-205.969, -564.195, 20.199, 52.618
-206.041, -564.863, 20.165, 52.651
-206.114, -565.531, 20.132, 52.684
-206.186, -566.197, 20.098, 52.717
-206.257, -566.863, 20.064, 52.750
-206.328, -567.527, 20.031, 52.783
-206.398, -568.190, 19.997, 52.816
-206.468, -568.852, 19.964, 52.849
-206.538, -569.513, 19.931, 52.882
-206.607, -570.173, 19.897, 52.915
-206.675, -570.832, 19.864, 52.948
-206.744, -571.490, 19.831, 52.981
-206.811, -572.146, 19.798, 53.014
-206.878, -572.802, 19.764, 53.047
-206.945, -573.456, 19.731, 53.080
-207.011, -574.110, 19.698, 53.113
-207.077, -574.763, 19.665, 53.146
-207.142, -575.414, 19.632, 53.179
-207.207, -576.064, 19.599, 53.212
-207.272, -576.714, 19.566, 53.245
-207.336, -577.362, 19.534, 53.278
-207.399, -578.009, 19.501, 53.311
-207.462, -578.655, 19.468, 53.344
-207.524, -579.300, 19.436, 53.377
-207.586, -579.944, 19.403, 53.410
-207.648, -580.587, 19.371, 53.443
-207.709, -581.229, 19.338, 53.476
-207.770, -581.870, 19.306, 53.509
-207.830, -582.510, 19.273, 53.542
-207.890, -583.149, 19.241, 53.575
-207.949, -583.787, 19.209, 53.608
-208.008, -584.424, 19.177, 53.641
-208.066, -585.059, 19.145, 53.674
-208.124, -585.694, 19.113, 53.707
-208.181, -586.328, 19.081, 53.740
-208.238, -586.961, 19.049, 53.773
-208.294, -587.592, 19.017, 53.806
-208.350, -588.223, 18.986, 53.839
-208.406, -588.852, 18.954, 53.872
-208.460, -589.481, 18.922, 53.905
-208.515, -590.109, 18.891, 53.938
-208.569, -590.735, 18.859, 53.971
-208.622, -591.361, 18.828, 54.004
-208.675, -591.985, 18.797, 54.037
-208.728, -592.609, 18.765, 54.070
-208.780, -593.232, 18.734, 54.103
-208.831, -593.853, 18.703, 54.136
-208.882, -594.474, 18.672, 54.169
-208.933, -595.093, 18.641, 54.202
-208.983, -595.712, 18.610, 54.235
-209.032, -596.329, 18.579, 54.268
-209.081, -596.946, 18.548, 54.301
-209.130, -597.562, 18.517, 54.334
-209.178, -598.176, 18.487, 54.367
-209.225, -598.790, 18.456, 54.400
-209.272, -599.402, 18.425, 54.433
-209.319, -600.014, 18.395, 54.466
-209.365, -600.625, 18.364, 54.499
-209.410, -601.234, 18.334, 54.532
-209.455, -601.843, 18.303, 54.565
-209.499, -602.451, 18.273, 54.598
-209.543, -603.058, 18.243, 54.631
-209.587, -603.663, 18.212, 54.664
-209.629, -604.268, 18.182, 54.697
-209.672, -604.872, 18.152, 54.730
-209.713, -605.475, 18.122, 54.763
-209.755, -606.077, 18.092, 54.796
-209.795, -606.678, 18.062, 54.829
-209.835, -607.278, 18.032, 54.862
-209.875, -607.877, 18.002, 54.895
-209.914, -608.475, 17.973, 54.928
-209.952, -609.072, 17.943, 54.961
-209.990, -609.668, 17.913, 54.994
-210.027, -610.263, 17.884, 55.027
-210.064, -610.857, 17.854, 55.060
-210.101, -611.451, 17.824, 55.093
-210.136, -612.043, 17.795, 55.126
-210.171, -612.635, 17.765, 55.159
-210.206, -613.225, 17.736, 55.192
-210.239, -613.814, 17.707, 55.225
-210.273, -614.403, 17.677, 55.258
-210.305, -614.991, 17.648, 55.291
-210.337, -615.577, 17.619, 55.324
-210.369, -616.163, 17.590, 55.357
-210.399, -616.748, 17.561, 55.390
-210.430, -617.331, 17.532, 55.423
-210.459, -617.914, 17.503, 55.456
-210.488, -618.496, 17.474, 55.489
-210.516, -619.077, 17.445, 55.522
-210.544, -619.657, 17.416, 55.555
-210.571, -620.237, 17.387, 55.588
-210.597, -620.815, 17.358, 55.621
-210.623, -621.392, 17.330, 55.654
-210.648, -621.969, 17.301, 55.687
-210.672, -622.544, 17.273, 55.720
-210.696, -623.119, 17.244, 55.753
-210.719, -623.692, 17.216, 55.786
-210.741, -624.265, 17.187, 55.819
-210.763, -624.837, 17.159, 55.852
-210.783, -625.408, 17.130, 55.885
-210.803, -625.978, 17.102, 55.918
-210.823, -626.547, 17.074, 55.951
-210.841, -627.115, 17.046, 55.984
-210.859, -627.682, 17.018, 56.017
-210.876, -628.248, 16.989, 56.050
-210.892, -628.814, 16.961, 56.083
-210.908, -629.378, 16.933, 56.116
-210.922, -629.942, 16.905, 56.149
-210.936, -630.504, 16.877, 56.182
-210.949, -631.066, 16.850, 56.215
-210.961, -631.627, 16.822, 56.248
-210.973, -632.187, 16.794, 56.281
-210.983, -632.746, 16.766, 56.314
-210.993, -633.304, 16.738, 56.347
-211.002, -633.861, 16.711, 56.380
-211.009, -634.417, 16.683, 56.413
-211.016, -634.973, 16.656, 56.446
-211.022, -635.527, 16.628, 56.479
-211.026, -636.081, 16.601, 56.512
-211.030, -636.633, 16.573, 56.545
-211.033, -637.185, 16.546, 56.578
-211.035, -637.736, 16.519, 56.611
-211.036, -638.286, 16.491, 56.644
-211.036, -638.835, 16.464, 56.677
-211.035, -639.383, 16.437, 56.710
-211.033, -639.930, 16.410, 56.743
-211.029, -640.476, 16.383, 56.776
-211.025, -641.022, 16.355, 56.809
-211.018, -641.566, 16.328, 56.842
-211.011, -642.109, 16.301, 56.875
-211.002, -642.652, 16.274, 56.908
-210.992, -643.194, 16.247, 56.941
-210.981, -643.734, 16.221, 56.974
-210.969, -644.274, 16.194, 57.007
-210.955, -644.813, 16.167, 57.040
-210.940, -645.351, 16.141, 57.073
-210.923, -645.888, 16.114, 57.106
-210.905, -646.424, 16.087, 57.139
-210.886, -646.960, 16.061, 57.172
-210.865, -647.494, 16.034, 57.205
-210.842, -648.027, 16.007, 57.238
-210.817, -648.559, 15.981, 57.271
-210.791, -649.091, 15.954, 57.304
-210.763, -649.621, 15.928, 57.337
-210.732, -650.150, 15.901, 57.370
-210.701, -650.679, 15.875, 57.403
-210.666, -651.206, 15.849, 57.436
-210.629, -651.732, 15.822, 57.469
-210.590, -652.258, 15.796, 57.502
-210.548, -652.782, 15.769, 57.535
-210.504, -653.305, 15.744, 57.568
-210.458, -653.827, 15.717, 57.601
-210.409, -654.348, 15.692, 57.634
-210.357, -654.867, 15.665, 57.667
-210.304, -655.386, 15.640, 57.700
-210.246, -655.903, 15.613, 57.733
-210.186, -656.419, 15.587, 57.766
-210.122, -656.934, 15.560, 57.799
-210.055, -657.448, 15.534, 57.832
-209.984, -657.960, 15.506, 57.865
-209.909, -658.470, 15.480, 57.898
-209.829, -658.979, 15.452, 57.931
-209.746, -659.486, 15.426, 57.964
-209.656, -659.992, 15.397, 57.997
-209.562, -660.495, 15.370, 58.030
-209.463, -660.996, 15.342, 58.063
-209.359, -661.496, 15.317, 58.096
-209.252, -661.995, 15.295, 58.129
-209.144, -662.492, 15.273, 58.162
-209.035, -662.989, 15.251, 58.195
-208.926, -663.485, 15.228, 58.228
-208.818, -663.980, 15.205, 58.261
-208.710, -664.475, 15.182, 58.294
-208.603, -664.969, 15.160, 58.327
-208.495, -665.463, 15.137, 58.360
-208.388, -665.955, 15.114, 58.393
-208.280, -666.447, 15.090, 58.426
-208.171, -666.937, 15.066, 58.459
-208.061, -667.427, 15.042, 58.492
-207.949, -667.915, 15.017, 58.525
-207.837, -668.402, 14.993, 58.558
-207.722, -668.888, 14.968, 58.591
-207.607, -669.372, 14.944, 58.624
-207.491, -669.856, 14.920, 58.657
-207.373, -670.339, 14.896, 58.690
-207.254, -670.820, 14.871, 58.723
-207.135, -671.300, 14.846, 58.756
-207.014, -671.779, 14.822, 58.789
-206.892, -672.258, 14.797, 58.822
-206.769, -672.734, 14.772, 58.855
-206.644, -673.210, 14.748, 58.888
-206.519, -673.685, 14.723, 58.921
-206.392, -674.158, 14.698, 58.954
-206.264, -674.630, 14.673, 58.987
-206.135, -675.101, 14.649, 59.020
-206.004, -675.571, 14.624, 59.053
-205.872, -676.040, 14.599, 59.086
-205.739, -676.507, 14.575, 59.119
-205.604, -676.973, 14.550, 59.152
-205.468, -677.438, 14.526, 59.185
-205.330, -677.901, 14.502, 59.218
-205.191, -678.364, 14.477, 59.251
-205.051, -678.825, 14.453, 59.284
-204.910, -679.285, 14.429, 59.317
-204.767, -679.743, 14.405, 59.350
-204.623, -680.201, 14.381, 59.383
-204.477, -680.657, 14.357, 59.416
-204.330, -681.111, 14.333, 59.449
-204.181, -681.564, 14.309, 59.482
-204.030, -682.016, 14.285, 59.515
-203.877, -682.466, 14.261, 59.548
-203.723, -682.915, 14.238, 59.581
-203.566, -683.363, 14.214, 59.614
-203.409, -683.809, 14.191, 59.647
-203.249, -684.253, 14.167, 59.680
-203.088, -684.696, 14.144, 59.713
-202.924, -685.138, 14.120, 59.746
-202.760, -685.578, 14.097, 59.779
-202.593, -686.017, 14.074, 59.812
-202.425, -686.454, 14.051, 59.845
-202.256, -686.890, 14.028, 59.878
-202.085, -687.325, 14.004, 59.911
-201.913, -687.758, 13.981, 59.944
-201.737, -688.189, 13.957, 59.977
-201.560, -688.618, 13.935, 60.010
-201.381, -689.046, 13.911, 60.043
-201.200, -689.472, 13.888, 60.076
-201.016, -689.896, 13.864, 60.109
-200.831, -690.319, 13.842, 60.142
-200.643, -690.739, 13.819, 60.175
-200.453, -691.158, 13.796, 60.208
-200.261, -691.575, 13.773, 60.241
-200.067, -691.991, 13.751, 60.274
-199.873, -692.405, 13.730, 60.307
-199.675, -692.817, 13.707, 60.340
-199.477, -693.228, 13.684, 60.373
-199.275, -693.636, 13.661, 60.406
-199.071, -694.043, 13.638, 60.439
-198.865, -694.447, 13.614, 60.472
-198.656, -694.849, 13.592, 60.505
-198.445, -695.249, 13.569, 60.538
-198.232, -695.647, 13.547, 60.571
-198.015, -696.042, 13.524, 60.604
-197.797, -696.436, 13.503, 60.637
-197.579, -696.828, 13.482, 60.670
-197.357, -697.218, 13.459, 60.703
-197.133, -697.606, 13.438, 60.736
-196.906, -697.992, 13.414, 60.769
-196.677, -698.375, 13.392, 60.802
-196.445, -698.755, 13.369, 60.835
-196.211, -699.134, 13.347, 60.868
-195.976, -699.510, 13.327, 60.901
-195.737, -699.884, 13.304, 60.934
-195.497, -700.256, 13.283, 60.967
-195.253, -700.625, 13.259, 61.000
-195.007, -700.991, 13.238, 61.033
-194.758, -701.354, 13.214, 61.066
-194.507, -701.715, 13.193, 61.099
-194.252, -702.072, 13.170, 61.132
-193.995, -702.427, 13.150, 61.165
-193.738, -702.781, 13.130, 61.198
-193.477, -703.132, 13.108, 61.231
-193.214, -703.480, 13.087, 61.264
-192.948, -703.824, 13.064, 61.297
-192.680, -704.166, 13.043, 61.330
-192.408, -704.504, 13.020, 61.363
-192.134, -704.840, 12.999, 61.396
-191.859, -705.174, 12.980, 61.429
-191.581, -705.504, 12.957, 61.462
-191.301, -705.831, 12.937, 61.495
-191.017, -706.155, 12.913, 61.528
-190.731, -706.476, 12.892, 61.561
-190.442, -706.792, 12.869, 61.594
-190.150, -707.106, 12.849, 61.627
-189.858, -707.418, 12.831, 61.660
-189.562, -707.725, 12.808, 61.693
-189.265, -708.030, 12.788, 61.726
-188.964, -708.331, 12.765, 61.759
-188.661, -708.628, 12.745, 61.792
-188.355, -708.921, 12.722, 61.825
-188.047, -709.211, 12.702, 61.858
-187.737, -709.499, 12.684, 61.891
-187.425, -709.783, 12.662, 61.924
-187.111, -710.064, 12.642, 61.957
-186.794, -710.340, 12.619, 61.990
-186.475, -710.612, 12.599, 62.023
-186.154, -710.883, 12.581, 62.056
-185.831, -711.149, 12.559, 62.089
-185.506, -711.411, 12.539, 62.122
-185.179, -711.669, 12.515, 62.155
-184.849, -711.923, 12.495, 62.188
-184.517, -712.172, 12.472, 62.221
-184.182, -712.418, 12.453, 62.254
-183.847, -712.661, 12.436, 62.287
-183.510, -712.900, 12.415, 62.320
-183.170, -713.136, 12.396, 62.353
-182.829, -713.366, 12.374, 62.386
-182.486, -713.593, 12.355, 62.419
-182.142, -713.818, 12.337, 62.452
-181.795, -714.038, 12.315, 62.485
-181.448, -714.255, 12.296, 62.518
-181.098, -714.466, 12.273, 62.551
-180.746, -714.674, 12.253, 62.584
-180.394, -714.879, 12.236, 62.617
-180.040, -715.080, 12.214, 62.650
-179.684, -715.276, 12.195, 62.683
-179.327, -715.468, 12.172, 62.716
-178.968, -715.656, 12.153, 62.749
-178.609, -715.841, 12.137, 62.782
-178.248, -716.022, 12.115, 62.815
-177.887, -716.199, 12.096, 62.848
-177.523, -716.371, 12.074, 62.881
-177.158, -716.540, 12.055, 62.914
-176.794, -716.706, 12.039, 62.947
-176.427, -716.868, 12.017, 62.980
-176.060, -717.026, 11.999, 63.013
-175.692, -717.179, 11.977, 63.046
-175.322, -717.328, 11.958, 63.079
-174.953, -717.475, 11.942, 63.112
-174.582, -717.618, 11.921, 63.145
-174.211, -717.757, 11.902, 63.178
-173.838, -717.892, 11.881, 63.211
-173.466, -718.022, 11.863, 63.244
-173.093, -718.151, 11.846, 63.277
-172.719, -718.276, 11.825, 63.310
-172.344, -718.397, 11.807, 63.343
-171.969, -718.513, 11.786, 63.376
-171.594, -718.626, 11.768, 63.409
-171.219, -718.738, 11.751, 63.442
-170.843, -718.844, 11.731, 63.475
-170.466, -718.948, 11.713, 63.508
-170.090, -719.050, 11.696, 63.541
-169.714, -719.148, 11.675, 63.574
-169.337, -719.242, 11.656, 63.607
-168.960, -719.332, 11.635, 63.640
-168.582, -719.418, 11.616, 63.673
-168.205, -719.503, 11.600, 63.706
-167.828, -719.583, 11.579, 63.739
-167.451, -719.661, 11.561, 63.772
-167.073, -719.737, 11.545, 63.805
-166.696, -719.809, 11.524, 63.838
-166.319, -719.878, 11.506, 63.871
-165.942, -719.942, 11.484, 63.904
-165.565, -720.003, 11.465, 63.937
-165.188, -720.063, 11.449, 63.970
-164.811, -720.116, 11.423, 64.003
-164.434, -720.164, 11.403, 64.036
-164.057, -720.204, 11.377, 64.069
-163.680, -720.238, 11.363, 64.102
-163.303, -720.268, 11.365, 64.135
-162.926, -720.291, 11.362, 64.168
-162.548, -720.309, 11.373, 64.201
-162.169, -720.324, 11.396, 64.234
-161.789, -720.332, 11.411, 64.267
-161.408, -720.335, 11.437, 64.300
-161.027, -720.332, 11.460, 64.333
-160.645, -720.325, 11.492, 64.366
-160.261, -720.315, 11.532, 64.399
-159.876, -720.300, 11.565, 64.432
-159.490, -720.281, 11.606, 64.465
-159.103, -720.260, 11.650, 64.498
-158.715, -720.233, 11.688, 64.531
-158.326, -720.202, 11.732, 64.564
-157.936, -720.166, 11.771, 64.597
-157.544, -720.126, 11.816, 64.630
-157.152, -720.083, 11.866, 64.663
-156.758, -720.035, 11.909, 64.696
-156.364, -719.984, 11.958, 64.729
-155.968, -719.927, 12.001, 64.762
-155.572, -719.866, 12.051, 64.795
-155.174, -719.804, 12.103, 64.828
-154.776, -719.736, 12.149, 64.861
-154.376, -719.664, 12.200, 64.894
-153.976, -719.588, 12.246, 64.927
-153.575, -719.508, 12.296, 64.960
-153.172, -719.426, 12.349, 64.993
-152.769, -719.338, 12.396, 65.026
-152.365, -719.248, 12.447, 65.059
-151.960, -719.152, 12.493, 65.092
-151.555, -719.053, 12.543, 65.125
-151.148, -718.952, 12.596, 65.158
-150.741, -718.846, 12.642, 65.191
-150.333, -718.736, 12.693, 65.224
-149.925, -718.622, 12.738, 65.257
-149.516, -718.504, 12.788, 65.290
-149.106, -718.382, 12.835, 65.323
-148.697, -718.256, 12.886, 65.356
-148.286, -718.127, 12.938, 65.389
-147.874, -717.995, 12.985, 65.422
-147.462, -717.859, 13.035, 65.455
-147.050, -717.719, 13.082, 65.488
-146.637, -717.575, 13.131, 65.521
-146.224, -717.427, 13.178, 65.554
-145.811, -717.276, 13.226, 65.587
-145.397, -717.122, 13.273, 65.620
-144.983, -716.964, 13.312, 65.653
-144.569, -716.803, 13.346, 65.686
-144.156, -716.638, 13.371, 65.719
-143.743, -716.469, 13.391, 65.752
-143.331, -716.297, 13.403, 65.785
-142.921, -716.122, 13.412, 65.818
-142.510, -715.945, 13.417, 65.851
-142.102, -715.764, 13.413, 65.884
-141.695, -715.581, 13.408, 65.917
-141.290, -715.395, 13.396, 65.950
-140.886, -715.206, 13.383, 65.983
-140.485, -715.013, 13.365, 66.016
-140.085, -714.819, 13.346, 66.049
-139.688, -714.621, 13.325, 66.082
-139.293, -714.421, 13.302, 66.115
-138.898, -714.220, 13.279, 66.148
-138.507, -714.016, 13.253, 66.181
-138.117, -713.811, 13.227, 66.214
-137.730, -713.602, 13.199, 66.247
-137.345, -713.391, 13.171, 66.280
-136.963, -713.178, 13.141, 66.313
-136.583, -712.962, 13.113, 66.346
-136.205, -712.744, 13.084, 66.379
-135.830, -712.524, 13.055, 66.412
-135.456, -712.303, 13.028, 66.445
-135.085, -712.080, 12.999, 66.478
-134.716, -711.855, 12.971, 66.511
-134.350, -711.627, 12.942, 66.544
-133.986, -711.397, 12.914, 66.577
-133.624, -711.165, 12.885, 66.610
-133.265, -710.931, 12.858, 66.643
-132.908, -710.696, 12.833, 66.676
-132.553, -710.459, 12.806, 66.709
-132.201, -710.220, 12.780, 66.742
-131.851, -709.978, 12.753, 66.775
-131.504, -709.734, 12.728, 66.808
-131.158, -709.490, 12.704, 66.841
-130.815, -709.243, 12.678, 66.874
-130.474, -708.994, 12.655, 66.907
-130.137, -708.743, 12.629, 66.940
-129.801, -708.490, 12.606, 66.973
-129.469, -708.234, 12.581, 67.006
-129.139, -707.976, 12.559, 67.039
-128.811, -707.718, 12.539, 67.072
-128.485, -707.457, 12.516, 67.105
-128.162, -707.194, 12.494, 67.138
-127.842, -706.929, 12.471, 67.171
-127.525, -706.662, 12.450, 67.204
-127.209, -706.394, 12.430, 67.237
-126.896, -706.123, 12.408, 67.270
-126.585, -705.851, 12.388, 67.303
-126.279, -705.576, 12.365, 67.336
-125.974, -705.299, 12.345, 67.369
-125.673, -705.019, 12.323, 67.402
-125.375, -704.738, 12.304, 67.435
-125.078, -704.456, 12.286, 67.468
-124.785, -704.171, 12.266, 67.501
-124.495, -703.884, 12.247, 67.534
-124.208, -703.595, 12.225, 67.567
-123.924, -703.304, 12.207, 67.600
-123.641, -703.012, 12.190, 67.633
-123.363, -702.717, 12.168, 67.666
-123.087, -702.420, 12.150, 67.699
-122.816, -702.121, 12.128, 67.732
-122.548, -701.819, 12.109, 67.765
-122.281, -701.517, 12.093, 67.798
-122.019, -701.212, 12.072, 67.831
-121.760, -700.905, 12.055, 67.864
-121.506, -700.595, 12.033, 67.897
-121.256, -700.283, 12.015, 67.930
-121.007, -699.970, 12.000, 67.963
-120.763, -699.654, 11.979, 67.996
-120.522, -699.336, 11.962, 68.029
-120.287, -699.016, 11.940, 68.062
-120.056, -698.693, 11.923, 68.095
-119.827, -698.369, 11.909, 68.128
-119.603, -698.043, 11.888, 68.161
-119.383, -697.714, 11.871, 68.194
-119.165, -697.384, 11.857, 68.227
-118.954, -697.052, 11.835, 68.260
-118.746, -696.717, 11.818, 68.293
-118.545, -696.380, 11.793, 68.326
-118.349, -696.040, 11.775, 68.359
-118.156, -695.699, 11.763, 68.392
-117.970, -695.356, 11.742, 68.425
-117.788, -695.010, 11.733, 68.458
-117.613, -694.661, 11.725, 68.491
-117.442, -694.311, 11.730, 68.524
-117.273, -693.958, 11.747, 68.557
-117.110, -693.602, 11.761, 68.590
-116.949, -693.244, 11.784, 68.623
-116.794, -692.883, 11.807, 68.656
-116.640, -692.520, 11.838, 68.689
-116.488, -692.155, 11.873, 68.722
-116.340, -691.787, 11.905, 68.755
-116.194, -691.417, 11.943, 68.788
-116.050, -691.045, 11.985, 68.821
-115.909, -690.671, 12.021, 68.854
-115.772, -690.293, 12.064, 68.887
-115.638, -689.913, 12.101, 68.920
-115.508, -689.530, 12.146, 68.953
-115.379, -689.145, 12.194, 68.986
-115.255, -688.758, 12.237, 69.019
-115.132, -688.367, 12.286, 69.052
-115.015, -687.974, 12.330, 69.085
-114.900, -687.579, 12.380, 69.118
-114.786, -687.181, 12.432, 69.151
-114.676, -686.780, 12.479, 69.184
-114.569, -686.377, 12.531, 69.217
-114.465, -685.972, 12.578, 69.250
-114.364, -685.563, 12.630, 69.283
-114.267, -685.153, 12.678, 69.316
-114.173, -684.740, 12.730, 69.349
-114.079, -684.325, 12.784, 69.382
-113.989, -683.907, 12.833, 69.415
-113.902, -683.487, 12.886, 69.448
-113.818, -683.065, 12.934, 69.481
-113.736, -682.641, 12.986, 69.514
-113.656, -682.214, 13.039, 69.547
-113.579, -681.785, 13.088, 69.580
-113.505, -681.354, 13.139, 69.613
-113.434, -680.921, 13.187, 69.646
-113.366, -680.486, 13.238, 69.679
-113.301, -680.048, 13.287, 69.712
-113.239, -679.609, 13.338, 69.745
-113.180, -679.167, 13.387, 69.778
-113.123, -678.723, 13.438, 69.811
-113.067, -678.278, 13.491, 69.844
-113.015, -677.830, 13.540, 69.877
-112.964, -677.380, 13.591, 69.910
-112.917, -676.929, 13.640, 69.943
-112.872, -676.475, 13.690, 69.976
-112.830, -676.020, 13.738, 70.009
-112.790, -675.562, 13.789, 70.042
-112.753, -675.103, 13.838, 70.075
-112.718, -674.642, 13.888, 70.108
-112.685, -674.179, 13.939, 70.141
-112.654, -673.715, 13.988, 70.174
-112.625, -673.248, 14.039, 70.207
-112.599, -672.780, 14.087, 70.240
-112.576, -672.310, 14.138, 70.273
-112.555, -671.838, 14.186, 70.306
-112.536, -671.364, 14.236, 70.339
-112.521, -670.889, 14.285, 70.372
-112.507, -670.412, 14.336, 70.405
-112.495, -669.933, 14.385, 70.438
-112.486, -669.452, 14.436, 70.471
-112.479, -668.970, 14.486, 70.504
-112.474, -668.486, 14.537, 70.537
-112.471, -668.000, 14.587, 70.570
-112.470, -667.513, 14.638, 70.603
-112.470, -667.024, 14.689, 70.636
-112.472, -666.533, 14.739, 70.669
-112.476, -666.041, 14.790, 70.702
-112.483, -665.546, 14.840, 70.735
-112.491, -665.051, 14.891, 70.768
-112.503, -664.553, 14.941, 70.801
-112.516, -664.054, 14.993, 70.834
-112.531, -663.554, 15.043, 70.867
-112.549, -663.051, 15.095, 70.900
-112.568, -662.547, 15.146, 70.933
-112.590, -662.042, 15.198, 70.966
-112.613, -661.534, 15.250, 70.999
-112.638, -661.025, 15.302, 71.032
-112.665, -660.515, 15.354, 71.065
-112.694, -660.002, 15.407, 71.098
-112.725, -659.489, 15.459, 71.131
-112.757, -658.973, 15.512, 71.164
-112.791, -658.456, 15.564, 71.197
-112.827, -657.937, 15.617, 71.230
-112.865, -657.416, 15.670, 71.263
-112.904, -656.894, 15.724, 71.296
-112.946, -656.371, 15.777, 71.329
-112.989, -655.845, 15.830, 71.362
-113.034, -655.318, 15.884, 71.395
-113.081, -654.789, 15.937, 71.428
-113.130, -654.259, 15.991, 71.461
-113.181, -653.727, 16.045, 71.494
-113.233, -653.193, 16.100, 71.527
-113.286, -652.658, 16.154, 71.560
-113.341, -652.121, 16.209, 71.593
-113.398, -651.582, 16.264, 71.626
-113.456, -651.042, 16.320, 71.659
-113.516, -650.500, 16.375, 71.692
-113.577, -649.956, 16.430, 71.725
-113.640, -649.411, 16.485, 71.758
-113.704, -648.864, 16.541, 71.791
-113.770, -648.315, 16.597, 71.824
-113.837, -647.764, 16.653, 71.857
-113.907, -647.212, 16.709, 71.890
-113.978, -646.658, 16.765, 71.923
-114.051, -646.103, 16.822, 71.956
-114.125, -645.546, 16.878, 71.989
-114.200, -644.987, 16.935, 72.022
-114.277, -644.426, 16.993, 72.055
-114.356, -643.864, 17.050, 72.088
-114.435, -643.299, 17.108, 72.121
-114.516, -642.733, 17.166, 72.154
-114.598, -642.166, 17.224, 72.187
-114.682, -641.596, 17.281, 72.220
-114.768, -641.025, 17.340, 72.253
-114.855, -640.452, 17.398, 72.286
-114.943, -639.878, 17.457, 72.319
-115.032, -639.301, 17.516, 72.352
-115.123, -638.723, 17.575, 72.385
-115.215, -638.143, 17.634, 72.418
-115.308, -637.561, 17.693, 72.451
-115.403, -636.977, 17.753, 72.484
-115.499, -636.392, 17.813, 72.517
-115.597, -635.805, 17.873, 72.550
-115.695, -635.216, 17.933, 72.583
-115.795, -634.625, 17.994, 72.616
-115.896, -634.032, 18.054, 72.649
-115.998, -633.437, 18.115, 72.682
-116.102, -632.841, 18.176, 72.715
-116.207, -632.242, 18.237, 72.748
-116.313, -631.642, 18.299, 72.781
-116.420, -631.040, 18.360, 72.814
-116.528, -630.436, 18.422, 72.847
-116.638, -629.830, 18.484, 72.880
-116.748, -629.223, 18.546, 72.913
-116.860, -628.613, 18.609, 72.946
-116.973, -628.001, 18.671, 72.979
-117.087, -627.388, 18.730, 73.012
-117.202, -626.773, 18.783, 73.045
-117.318, -626.157, 18.828, 73.078
-117.434, -625.539, 18.862, 73.111
-117.552, -624.921, 18.885, 73.144
-117.670, -624.303, 18.898, 73.177
-117.789, -623.685, 18.902, 73.210
-117.908, -623.066, 18.897, 73.243
-118.028, -622.449, 18.883, 73.276
-118.149, -621.832, 18.863, 73.309
-118.269, -621.216, 18.836, 73.342
-118.390, -620.601, 18.803, 73.375
-118.511, -619.988, 18.766, 73.408
-118.633, -619.376, 18.726, 73.441
-118.754, -618.765, 18.682, 73.474
-118.875, -618.156, 18.635, 73.507
-118.997, -617.549, 18.586, 73.540
-119.118, -616.943, 18.536, 73.573
-119.240, -616.339, 18.485, 73.606
-119.362, -615.736, 18.432, 73.639
-119.483, -615.136, 18.379, 73.672
-119.604, -614.537, 18.327, 73.705
-119.726, -613.940, 18.274, 73.738
-119.847, -613.344, 18.222, 73.771
-119.968, -612.751, 18.170, 73.804
-120.089, -612.159, 18.119, 73.837
-120.210, -611.568, 18.069, 73.870
-120.330, -610.979, 18.019, 73.903
-120.450, -610.392, 17.971, 73.936
-120.571, -609.807, 17.924, 73.969
-120.690, -609.223, 17.878, 74.002
-120.810, -608.640, 17.834, 74.035
-120.930, -608.059, 17.790, 74.068
-121.049, -607.479, 17.748, 74.101
-121.168, -606.900, 17.706, 74.134
-121.286, -606.323, 17.666, 74.167
-121.404, -605.747, 17.627, 74.200
-121.523, -605.173, 17.589, 74.233
-121.640, -604.599, 17.552, 74.266
-121.758, -604.027, 17.516, 74.299
-121.875, -603.456, 17.481, 74.332
-121.992, -602.886, 17.447, 74.365
-122.108, -602.317, 17.413, 74.398
-122.224, -601.749, 17.380, 74.431
-122.340, -601.182, 17.348, 74.464
-122.455, -600.616, 17.316, 74.497
-122.570, -600.051, 17.285, 74.530
-122.684, -599.487, 17.254, 74.563
-122.798, -598.924, 17.224, 74.596
-122.912, -598.362, 17.194, 74.629
-123.025, -597.801, 17.165, 74.662
-123.137, -597.240, 17.135, 74.695
-123.249, -596.681, 17.106, 74.728
-123.361, -596.123, 17.078, 74.761
-123.472, -595.565, 17.049, 74.794
-123.582, -595.008, 17.021, 74.827
-123.692, -594.452, 16.992, 74.860
-123.802, -593.897, 16.964, 74.893
-123.911, -593.343, 16.936, 74.926
-124.019, -592.790, 16.908, 74.959
-124.126, -592.237, 16.881, 74.992
-124.233, -591.685, 16.853, 75.025
-124.339, -591.134, 16.825, 75.058
-124.445, -590.584, 16.798, 75.091
-124.550, -590.035, 16.770, 75.124
-124.654, -589.486, 16.743, 75.157
-124.758, -588.939, 16.715, 75.190
-124.860, -588.392, 16.688, 75.223
-124.962, -587.846, 16.660, 75.256
-125.063, -587.300, 16.633, 75.289
-125.163, -586.755, 16.606, 75.322
-125.263, -586.212, 16.579, 75.355
-125.361, -585.668, 16.551, 75.388
-125.459, -585.126, 16.524, 75.421
-125.556, -584.585, 16.497, 75.454
-125.652, -584.044, 16.470, 75.487
-125.747, -583.504, 16.443, 75.520
-125.841, -582.965, 16.416, 75.553
-125.934, -582.426, 16.389, 75.586
-126.026, -581.888, 16.362, 75.619
-126.117, -581.351, 16.336, 75.652
-126.207, -580.815, 16.309, 75.685
-126.295, -580.279, 16.282, 75.718
-126.383, -579.744, 16.255, 75.751
-126.470, -579.210, 16.229, 75.784
-126.555, -578.676, 16.202, 75.817
-126.640, -578.144, 16.176, 75.850
-126.723, -577.611, 16.149, 75.883
-126.805, -577.080, 16.123, 75.916
-126.886, -576.549, 16.097, 75.949
-126.965, -576.020, 16.070, 75.982
-127.044, -575.490, 16.044, 76.015
-127.121, -574.962, 16.018, 76.048
-127.196, -574.434, 15.992, 76.081
-127.269, -573.906, 15.965, 76.114
-127.342, -573.380, 15.940, 76.147
-127.412, -572.854, 15.914, 76.180
-127.482, -572.329, 15.888, 76.213
-127.549, -571.804, 15.862, 76.246
-127.616, -571.280, 15.836, 76.279
-127.681, -570.757, 15.811, 76.312
-127.744, -570.234, 15.785, 76.345
-127.806, -569.713, 15.760, 76.378
-127.866, -569.191, 15.734, 76.411
-127.924, -568.671, 15.708, 76.444
-127.981, -568.151, 15.683, 76.477
-128.035, -567.632, 15.657, 76.510
-128.088, -567.113, 15.632, 76.543
-128.139, -566.595, 15.607, 76.576
-128.188, -566.078, 15.582, 76.609
-128.235, -565.561, 15.556, 76.642
-128.279, -565.045, 15.531, 76.675
-128.322, -564.530, 15.506, 76.708
-128.363, -564.015, 15.481, 76.741
-128.401, -563.501, 15.456, 76.774
-128.437, -562.988, 15.431, 76.807
-128.470, -562.476, 15.406, 76.840
-128.502, -561.964, 15.381, 76.873
-128.531, -561.453, 15.356, 76.906
-128.557, -560.942, 15.331, 76.939
-128.581, -560.432, 15.306, 76.972
-128.602, -559.923, 15.282, 77.005
-128.620, -559.415, 15.257, 77.038
-128.636, -558.907, 15.232, 77.071
-128.648, -558.400, 15.207, 77.104
-128.658, -557.894, 15.183, 77.137
-128.665, -557.389, 15.158, 77.170
-128.669, -556.884, 15.134, 77.203
-128.669, -556.381, 15.109, 77.236
-128.666, -555.878, 15.085, 77.269
-128.659, -555.376, 15.059, 77.302
-128.650, -554.875, 15.036, 77.335
-128.636, -554.374, 15.010, 77.368
-128.619, -553.875, 14.987, 77.401
-128.599, -553.377, 14.962, 77.434
-128.576, -552.879, 14.939, 77.467
-128.551, -552.383, 14.917, 77.500
-128.525, -551.887, 14.894, 77.533
-128.498, -551.391, 14.872, 77.566
-128.470, -550.897, 14.849, 77.599
-128.443, -550.403, 14.826, 77.632
-128.415, -549.910, 14.803, 77.665
-128.386, -549.418, 14.780, 77.698
-128.357, -548.927, 14.757, 77.731
-128.327, -548.437, 14.734, 77.764
-128.297, -547.947, 14.710, 77.797
-128.265, -547.458, 14.687, 77.830
-128.233, -546.971, 14.663, 77.863
-128.199, -546.484, 14.640, 77.896
-128.165, -545.997, 14.617, 77.929
-128.129, -545.512, 14.593, 77.962
-128.093, -545.028, 14.570, 77.995
-128.056, -544.544, 14.546, 78.028
-128.018, -544.061, 14.523, 78.061
-127.980, -543.579, 14.500, 78.094
-127.941, -543.098, 14.477, 78.127
-127.901, -542.618, 14.453, 78.160
-127.860, -542.138, 14.430, 78.193
-127.819, -541.660, 14.407, 78.226
-127.777, -541.182, 14.384, 78.259
-127.734, -540.705, 14.360, 78.292
-127.691, -540.229, 14.337, 78.325
-127.647, -539.753, 14.314, 78.358
-127.602, -539.279, 14.291, 78.391
-127.557, -538.805, 14.268, 78.424
-127.511, -538.333, 14.245, 78.457
-127.465, -537.861, 14.222, 78.490
-127.418, -537.389, 14.199, 78.523
-127.370, -536.919, 14.176, 78.556
-127.321, -536.450, 14.154, 78.589
-127.272, -535.981, 14.131, 78.622
-127.222, -535.513, 14.108, 78.655
-127.171, -535.046, 14.086, 78.688
-127.120, -534.580, 14.063, 78.721
-127.068, -534.115, 14.040, 78.754
-127.015, -533.650, 14.018, 78.787
-126.962, -533.187, 13.995, 78.820
-126.909, -532.724, 13.973, 78.853
-126.854, -532.262, 13.951, 78.886
-126.800, -531.800, 13.928, 78.919
-126.745, -531.340, 13.906, 78.952
-126.689, -530.880, 13.884, 78.985
-126.632, -530.422, 13.862, 79.018
-126.575, -529.964, 13.839, 79.051
-126.517, -529.507, 13.817, 79.084
-126.459, -529.050, 13.795, 79.117
-126.400, -528.595, 13.773, 79.150
-126.340, -528.140, 13.751, 79.183
-126.280, -527.686, 13.729, 79.216
-126.219, -527.233, 13.707, 79.249
-126.157, -526.781, 13.685, 79.282
-126.096, -526.330, 13.663, 79.315
-126.033, -525.879, 13.642, 79.348
-125.970, -525.429, 13.620, 79.381
-125.907, -524.980, 13.598, 79.414
-125.842, -524.532, 13.576, 79.447
-125.777, -524.085, 13.554, 79.480
-125.711, -523.639, 13.533, 79.513
-125.645, -523.193, 13.511, 79.546
-125.578, -522.748, 13.489, 79.579
-125.511, -522.304, 13.468, 79.612
-125.443, -521.861, 13.447, 79.645
-125.375, -521.418, 13.425, 79.678
-125.306, -520.977, 13.404, 79.711
-125.236, -520.536, 13.382, 79.744
-125.166, -520.096, 13.361, 79.777
-125.095, -519.657, 13.339, 79.810
-125.023, -519.219, 13.318, 79.843
-124.951, -518.781, 13.297, 79.876
-124.878, -518.345, 13.276, 79.909
-124.805, -517.909, 13.254, 79.942
-124.731, -517.474, 13.233, 79.975
-124.656, -517.039, 13.212, 80.008
-124.581, -516.606, 13.191, 80.041
-124.505, -516.173, 13.170, 80.074
-124.429, -515.742, 13.149, 80.107
-124.352, -515.311, 13.128, 80.140
-124.274, -514.881, 13.107, 80.173
-124.196, -514.451, 13.086, 80.206
-124.117, -514.023, 13.065, 80.239
-124.038, -513.595, 13.044, 80.272
-123.958, -513.168, 13.023, 80.305
-123.876, -512.742, 13.002, 80.338
-123.795, -512.317, 12.982, 80.371
-123.713, -511.893, 12.961, 80.404
-123.630, -511.469, 12.940, 80.437
-123.547, -511.047, 12.920, 80.470
-123.463, -510.625, 12.899, 80.503
-123.378, -510.204, 12.878, 80.536
-123.292, -509.784, 12.858, 80.569
-123.206, -509.364, 12.837, 80.602
-123.120, -508.946, 12.817, 80.635
-123.032, -508.528, 12.796, 80.668
-122.944, -508.111, 12.776, 80.701
-122.855, -507.695, 12.755, 80.734
-122.766, -507.280, 12.735, 80.767
-122.676, -506.866, 12.715, 80.800
-122.585, -506.453, 12.694, 80.833
-122.494, -506.040, 12.674, 80.866
-122.402, -505.628, 12.654, 80.899
-122.308, -505.217, 12.633, 80.932
-122.214, -504.807, 12.613, 80.965
-122.120, -504.398, 12.593, 80.998
-122.025, -503.990, 12.573, 81.031
-121.929, -503.582, 12.553, 81.064
-121.832, -503.176, 12.533, 81.097
-121.735, -502.770, 12.513, 81.130
-121.637, -502.365, 12.493, 81.163
-121.538, -501.961, 12.473, 81.196
-121.438, -501.558, 12.453, 81.229
-121.338, -501.156, 12.433, 81.262
-121.237, -500.755, 12.413, 81.295
-121.134, -500.354, 12.393, 81.328
-121.032, -499.954, 12.374, 81.361
-120.928, -499.556, 12.354, 81.394
-120.824, -499.158, 12.334, 81.427
-120.719, -498.761, 12.314, 81.460
-120.612, -498.365, 12.295, 81.493
-120.505, -497.970, 12.275, 81.526
-120.397, -497.576, 12.255, 81.559
-120.288, -497.183, 12.236, 81.592
-120.179, -496.790, 12.217, 81.625
-120.068, -496.399, 12.197, 81.658
-119.957, -496.009, 12.177, 81.691
-119.844, -495.619, 12.158, 81.724
-119.732, -495.230, 12.139, 81.757
-119.618, -494.842, 12.119, 81.790
-119.503, -494.456, 12.100, 81.823
-119.386, -494.070, 12.080, 81.856
-119.269, -493.685, 12.061, 81.889
-119.152, -493.301, 12.042, 81.922
-119.033, -492.918, 12.023, 81.955
-118.914, -492.536, 12.004, 81.988
-118.792, -492.156, 11.985, 82.021
-118.670, -491.776, 11.966, 82.054
-118.548, -491.397, 11.947, 82.087
-118.424, -491.019, 11.928, 82.120
-118.299, -490.642, 11.909, 82.153
-118.173, -490.266, 11.890, 82.186
-118.046, -489.891, 11.872, 82.219
-117.918, -489.517, 11.853, 82.252
-117.789, -489.144, 11.834, 82.285
-117.658, -488.772, 11.816, 82.318
-117.527, -488.401, 11.798, 82.351
-117.395, -488.031, 11.779, 82.384
-117.261, -487.663, 11.760, 82.417
-117.126, -487.295, 11.741, 82.450
-116.989, -486.929, 11.723, 82.483
-116.852, -486.564, 11.705, 82.516
-116.714, -486.200, 11.686, 82.549
-116.574, -485.837, 11.668, 82.582
-116.432, -485.475, 11.649, 82.615
-116.289, -485.115, 11.631, 82.648
-116.145, -484.755, 11.613, 82.681
-116.000, -484.397, 11.594, 82.714
-115.853, -484.040, 11.576, 82.747
-115.705, -483.684, 11.557, 82.780
-115.555, -483.330, 11.539, 82.813
-115.404, -482.976, 11.522, 82.846
-115.252, -482.624, 11.503, 82.879
-115.098, -482.274, 11.485, 82.912
-114.944, -481.924, 11.468, 82.945
-114.787, -481.576, 11.448, 82.978
-114.629, -481.229, 11.430, 83.011
-114.468, -480.884, 11.411, 83.044
-114.306, -480.541, 11.392, 83.077
-114.143, -480.198, 11.375, 83.110
-113.978, -479.857, 11.356, 83.143
-113.811, -479.518, 11.337, 83.176
-113.644, -479.180, 11.320, 83.209
-113.474, -478.844, 11.300, 83.242
-113.302, -478.509, 11.281, 83.275
-113.128, -478.177, 11.261, 83.308
-112.951, -477.846, 11.242, 83.341
-112.774, -477.516, 11.225, 83.374
-112.594, -477.189, 11.205, 83.407
-112.413, -476.863, 11.186, 83.440
-112.231, -476.538, 11.169, 83.473
-112.045, -476.216, 11.148, 83.506
-111.858, -475.896, 11.129, 83.539
-111.667, -475.579, 11.108, 83.572
-111.474, -475.263, 11.089, 83.605
-111.281, -474.949, 11.073, 83.638
-111.084, -474.637, 11.052, 83.671
-110.885, -474.328, 11.034, 83.704
-110.685, -474.020, 11.018, 83.737
-110.482, -473.715, 10.996, 83.770
-110.276, -473.412, 10.977, 83.803
-110.069, -473.111, 10.961, 83.836
-109.859, -472.813, 10.938, 83.869
-109.646, -472.518, 10.920, 83.902
-109.429, -472.227, 10.896, 83.935
-109.209, -471.939, 10.878, 83.968
-108.988, -471.652, 10.864, 84.001
-108.763, -471.369, 10.842, 84.034
-108.535, -471.089, 10.825, 84.067
-108.307, -470.811, 10.811, 84.100
-108.074, -470.537, 10.788, 84.133
-107.838, -470.267, 10.770, 84.166
-107.600, -469.998, 10.756, 84.199
-107.359, -469.735, 10.732, 84.232
-107.114, -469.475, 10.712, 84.265
-106.867, -469.218, 10.699, 84.298
-106.616, -468.966, 10.673, 84.331
-106.361, -468.719, 10.653, 84.364
-106.102, -468.478, 10.625, 84.397
-105.839, -468.242, 10.607, 84.430
-105.575, -468.009, 10.605, 84.463
-105.306, -467.780, 10.604, 84.496
-105.035, -467.553, 10.614, 84.529
-104.762, -467.327, 10.632, 84.562
-104.487, -467.104, 10.649, 84.595
-104.209, -466.881, 10.673, 84.628
-103.931, -466.659, 10.699, 84.661
-103.649, -466.439, 10.725, 84.694
-103.365, -466.220, 10.756, 84.727
-103.080, -466.001, 10.790, 84.760
-102.792, -465.785, 10.820, 84.793
-102.501, -465.570, 10.856, 84.826
-102.208, -465.355, 10.896, 84.859
-101.912, -465.143, 10.930, 84.892
-101.613, -464.933, 10.970, 84.925
-101.311, -464.725, 11.007, 84.958
-101.007, -464.519, 11.050, 84.991
-100.700, -464.313, 11.096, 85.024
-100.390, -464.109, 11.137, 85.057
-100.077, -463.907, 11.183, 85.090
-99.763, -463.705, 11.230, 85.123
-99.445, -463.505, 11.273, 85.156
-99.124, -463.307, 11.319, 85.189
-98.800, -463.112, 11.362, 85.222
-98.473, -462.918, 11.409, 85.255
-98.145, -462.724, 11.459, 85.288
-97.813, -462.534, 11.503, 85.321
-97.478, -462.344, 11.551, 85.354
-97.141, -462.155, 11.601, 85.387
-96.801, -461.969, 11.645, 85.420
-96.458, -461.784, 11.692, 85.453
-96.113, -461.602, 11.735, 85.486
-95.764, -461.423, 11.783, 85.519
-95.413, -461.243, 11.832, 85.552
-95.060, -461.067, 11.876, 85.585
-94.703, -460.892, 11.924, 85.618
-94.344, -460.720, 11.968, 85.651
-93.982, -460.550, 12.015, 85.684
-93.618, -460.380, 12.064, 85.717
-93.251, -460.214, 12.108, 85.750
-92.881, -460.049, 12.155, 85.783
-92.508, -459.887, 12.199, 85.816
-92.133, -459.727, 12.246, 85.849
-91.756, -459.568, 12.294, 85.882
-91.376, -459.412, 12.338, 85.915
-90.994, -459.258, 12.384, 85.948
-90.609, -459.107, 12.427, 85.981
-90.221, -458.959, 12.473, 86.014
-89.831, -458.811, 12.521, 86.047
-89.439, -458.666, 12.565, 86.080
-89.044, -458.524, 12.611, 86.113
-88.646, -458.385, 12.654, 86.146
-88.246, -458.248, 12.700, 86.179
-87.844, -458.115, 12.743, 86.212
-87.439, -457.984, 12.790, 86.245
-87.031, -457.853, 12.838, 86.278
-86.622, -457.727, 12.882, 86.311
-86.210, -457.602, 12.929, 86.344
-85.795, -457.481, 12.972, 86.377
-85.378, -457.362, 13.018, 86.410
-84.960, -457.245, 13.066, 86.443
-84.538, -457.131, 13.110, 86.476
-84.115, -457.020, 13.157, 86.509
-83.688, -456.912, 13.199, 86.542
-83.260, -456.808, 13.246, 86.575
-82.829, -456.707, 13.289, 86.608
-82.396, -456.609, 13.336, 86.641
-81.961, -456.514, 13.381, 86.674
-81.524, -456.423, 13.428, 86.707
-81.084, -456.332, 13.478, 86.740
-80.642, -456.245, 13.523, 86.773
-80.198, -456.161, 13.571, 86.806
-79.752, -456.081, 13.615, 86.839
-79.304, -456.004, 13.659, 86.872
-78.854, -455.932, 13.695, 86.905
-78.402, -455.862, 13.730, 86.938
-77.949, -455.797, 13.754, 86.971
-77.495, -455.735, 13.774, 87.004
-77.039, -455.674, 13.790, 87.037
-76.584, -455.618, 13.795, 87.070
-76.127, -455.565, 13.797, 87.103
-75.671, -455.517, 13.790, 87.136
-75.214, -455.473, 13.781, 87.169
-74.757, -455.433, 13.766, 87.202
-74.301, -455.397, 13.749, 87.235
-73.845, -455.365, 13.728, 87.268
-73.389, -455.337, 13.706, 87.301
-72.934, -455.313, 13.681, 87.334
-72.480, -455.293, 13.655, 87.367
-72.026, -455.274, 13.629, 87.400
-71.573, -455.260, 13.598, 87.433
-71.121, -455.249, 13.569, 87.466
-70.670, -455.243, 13.535, 87.499
-70.221, -455.241, 13.503, 87.532
-69.772, -455.243, 13.468, 87.565
-69.324, -455.249, 13.436, 87.598
-68.878, -455.259, 13.401, 87.631
-68.432, -455.273, 13.369, 87.664
-67.989, -455.292, 13.335, 87.697
-67.546, -455.314, 13.304, 87.730
-67.104, -455.337, 13.273, 87.763
-66.664, -455.365, 13.240, 87.796
-66.224, -455.396, 13.209, 87.829
-65.787, -455.432, 13.176, 87.862
-65.350, -455.471, 13.145, 87.895
-64.916, -455.515, 13.113, 87.928
-64.482, -455.563, 13.083, 87.961
-64.050, -455.612, 13.055, 87.994
-63.619, -455.666, 13.025, 88.027
-63.190, -455.723, 12.997, 88.060
-62.762, -455.785, 12.966, 88.093
-62.336, -455.851, 12.939, 88.126
-61.911, -455.921, 12.909, 88.159
-61.488, -455.995, 12.883, 88.192
-61.066, -456.071, 12.859, 88.225
-60.646, -456.151, 12.832, 88.258
-60.228, -456.235, 12.808, 88.291
-59.811, -456.323, 12.780, 88.324
-59.396, -456.415, 12.756, 88.357
-58.983, -456.512, 12.729, 88.390
-58.571, -456.612, 12.705, 88.423
-58.161, -456.713, 12.684, 88.456
-57.753, -456.820, 12.659, 88.489
-57.346, -456.929, 12.637, 88.522
-56.942, -457.044, 12.611, 88.555
-56.539, -457.162, 12.588, 88.588
-56.139, -457.284, 12.563, 88.621
-55.740, -457.410, 12.542, 88.654
-55.343, -457.538, 12.522, 88.687
-54.948, -457.671, 12.499, 88.720
-54.555, -457.807, 12.478, 88.753
-54.165, -457.947, 12.453, 88.786
-53.777, -458.092, 12.432, 88.819
-53.389, -458.237, 12.414, 88.852
-53.005, -458.388, 12.390, 88.885
-52.623, -458.542, 12.370, 88.918
-52.243, -458.701, 12.345, 88.951
-51.866, -458.864, 12.324, 88.984
-51.491, -459.028, 12.307, 89.017
-51.118, -459.198, 12.283, 89.050
-50.748, -459.370, 12.264, 89.083
-50.380, -459.547, 12.240, 89.116
-50.016, -459.728, 12.220, 89.149
-49.654, -459.914, 12.197, 89.182
-49.295, -460.103, 12.178, 89.215
-48.937, -460.293, 12.162, 89.248
-48.583, -460.488, 12.140, 89.281
-48.231, -460.686, 12.122, 89.314
-47.883, -460.889, 12.099, 89.347
-47.537, -461.095, 12.080, 89.380
-47.193, -461.302, 12.064, 89.413
-46.852, -461.515, 12.041, 89.446
-46.515, -461.730, 12.021, 89.479
-46.182, -461.951, 11.995, 89.512
-45.852, -462.176, 11.975, 89.545
-45.525, -462.403, 11.959, 89.578
-45.203, -462.636, 11.934, 89.611
-44.884, -462.872, 11.915, 89.644
-44.567, -463.110, 11.900, 89.677
-44.256, -463.354, 11.876, 89.710
-43.948, -463.601, 11.857, 89.743
-43.646, -463.854, 11.830, 89.776
-43.348, -464.110, 11.812, 89.809
-43.052, -464.369, 11.800, 89.842
-42.762, -464.633, 11.777, 89.875
-42.475, -464.900, 11.762, 89.908
-42.195, -465.172, 11.740, 89.941
-41.918, -465.447, 11.727, 89.974
-41.643, -465.724, 11.721, 90.007
-41.373, -466.005, 11.706, 90.040
-41.108, -466.290, 11.699, 90.073
-40.847, -466.580, 11.687, 90.106
-40.591, -466.872, 11.684, 90.139
-40.337, -467.167, 11.690, 90.172
-40.088, -467.466, 11.688, 90.205
-39.843, -467.768, 11.695, 90.238
-39.599, -468.072, 11.710, 90.271
-39.361, -468.381, 11.717, 90.304
-39.126, -468.693, 11.734, 90.337
-38.897, -469.010, 11.745, 90.370
-38.672, -469.331, 11.768, 90.403
-38.448, -469.654, 11.802, 90.436
-38.230, -469.981, 11.826, 90.469
-38.015, -470.312, 11.861, 90.502
-37.805, -470.648, 11.890, 90.535
-37.599, -470.987, 11.929, 90.568
-37.394, -471.329, 11.976, 90.601
-37.194, -471.675, 12.013, 90.634
-36.998, -472.025, 12.059, 90.667
-36.806, -472.379, 12.097, 90.700
-36.618, -472.737, 12.145, 90.733
-36.432, -473.097, 12.198, 90.766
-36.250, -473.462, 12.241, 90.799
-36.072, -473.830, 12.291, 90.832
-35.898, -474.202, 12.335, 90.865
-35.728, -474.577, 12.386, 90.898
-35.560, -474.955, 12.441, 90.931
-35.396, -475.337, 12.487, 90.964
-35.236, -475.722, 12.540, 90.997
-35.081, -476.111, 12.585, 91.030
-34.929, -476.503, 12.637, 91.063
-34.780, -476.898, 12.694, 91.096
-34.635, -477.297, 12.741, 91.129
-34.493, -477.698, 12.795, 91.162
-34.356, -478.103, 12.842, 91.195
-34.223, -478.511, 12.894, 91.228
-34.094, -478.922, 12.942, 91.261
-33.969, -479.335, 12.996, 91.294
-33.845, -479.752, 13.052, 91.327
-33.726, -480.171, 13.101, 91.360
-33.609, -480.593, 13.154, 91.393
-33.498, -481.018, 13.202, 91.426
-33.389, -481.445, 13.254, 91.459
-33.285, -481.875, 13.303, 91.492
-33.184, -482.308, 13.355, 91.525
-33.084, -482.743, 13.409, 91.558
-32.989, -483.181, 13.457, 91.591
-32.896, -483.621, 13.510, 91.624
-32.808, -484.063, 13.557, 91.657
-32.723, -484.508, 13.608, 91.690
-32.642, -484.956, 13.655, 91.723
-32.564, -485.405, 13.706, 91.756
-32.490, -485.857, 13.754, 91.789
-32.419, -486.311, 13.805, 91.822
-32.351, -486.767, 13.854, 91.855
-32.286, -487.225, 13.905, 91.888
-32.222, -487.685, 13.958, 91.921
-32.162, -488.148, 14.006, 91.954
-32.104, -488.612, 14.057, 91.987
-32.050, -489.079, 14.105, 92.020
-31.999, -489.547, 14.155, 92.053
-31.951, -490.017, 14.203, 92.086
-31.906, -490.490, 14.253, 92.119
-31.864, -490.964, 14.301, 92.152
-31.825, -491.440, 14.352, 92.185
-31.790, -491.918, 14.401, 92.218
-31.756, -492.398, 14.452, 92.251
-31.726, -492.880, 14.502, 92.284
-31.697, -493.364, 14.553, 92.317
-31.672, -493.850, 14.603, 92.350
-31.649, -494.337, 14.654, 92.383
-31.626, -494.826, 14.705, 92.416
-31.607, -495.317, 14.755, 92.449
-31.590, -495.810, 14.806, 92.482
-31.576, -496.304, 14.856, 92.515
-31.564, -496.801, 14.907, 92.548
-31.556, -497.298, 14.956, 92.581
-31.549, -497.798, 15.007, 92.614
-31.546, -498.300, 15.057, 92.647
-31.544, -498.803, 15.109, 92.680
-31.545, -499.308, 15.160, 92.713
-31.548, -499.814, 15.212, 92.746
-31.553, -500.322, 15.263, 92.779
-31.561, -500.832, 15.316, 92.812
-31.570, -501.344, 15.368, 92.845
-31.581, -501.857, 15.421, 92.878
-31.595, -502.373, 15.473, 92.911
-31.610, -502.889, 15.526, 92.944
-31.628, -503.408, 15.578, 92.977
-31.647, -503.928, 15.632, 93.010
-31.668, -504.450, 15.684, 93.043
-31.691, -504.974, 15.738, 93.076
-31.717, -505.499, 15.791, 93.109
-31.744, -506.026, 15.843, 93.142
-31.774, -506.555, 15.897, 93.175
-31.805, -507.085, 15.951, 93.208
-31.838, -507.617, 16.005, 93.241
-31.873, -508.151, 16.060, 93.274
-31.909, -508.686, 16.114, 93.307
-31.946, -509.223, 16.169, 93.340
-31.985, -509.762, 16.224, 93.373
-32.026, -510.303, 16.279, 93.406
-32.068, -510.845, 16.334, 93.439
-32.112, -511.389, 16.389, 93.472
-32.157, -511.935, 16.444, 93.505
-32.204, -512.483, 16.499, 93.538
-32.252, -513.032, 16.555, 93.571
-32.303, -513.583, 16.611, 93.604
-32.355, -514.136, 16.667, 93.637
-32.408, -514.690, 16.723, 93.670
-32.463, -515.246, 16.779, 93.703
-32.519, -515.804, 16.836, 93.736
-32.576, -516.364, 16.893, 93.769
-32.634, -516.925, 16.950, 93.802
-32.694, -517.489, 17.007, 93.835
-32.755, -518.054, 17.065, 93.868
-32.817, -518.621, 17.122, 93.901
-32.880, -519.189, 17.180, 93.934
-32.945, -519.760, 17.238, 93.967
-33.011, -520.332, 17.296, 94.000
-33.078, -520.906, 17.354, 94.033
-33.146, -521.482, 17.413, 94.066
-33.215, -522.060, 17.471, 94.099
-33.285, -522.640, 17.530, 94.132
-33.356, -523.221, 17.589, 94.165
-33.428, -523.805, 17.649, 94.198
-33.501, -524.390, 17.708, 94.231
-33.575, -524.977, 17.768, 94.264
-33.650, -525.566, 17.828, 94.297
-33.725, -526.157, 17.888, 94.330
-33.802, -526.750, 17.948, 94.363
-33.879, -527.345, 18.008, 94.396
-33.957, -527.941, 18.069, 94.429
-34.036, -528.540, 18.130, 94.462
-34.116, -529.141, 18.191, 94.495
-34.196, -529.743, 18.252, 94.528
-34.276, -530.348, 18.314, 94.561
-34.358, -530.955, 18.375, 94.594
-34.440, -531.563, 18.437, 94.627
-34.522, -532.174, 18.499, 94.660
-34.605, -532.786, 18.561, 94.693
-34.689, -533.401, 18.624, 94.726
-34.773, -534.018, 18.686, 94.759
-34.857, -534.637, 18.749, 94.792
-34.941, -535.258, 18.812, 94.825
-35.026, -535.881, 18.876, 94.858
-35.111, -536.506, 18.939, 94.891
-35.197, -537.133, 19.003, 94.924
-35.282, -537.762, 19.067, 94.957
-35.368, -538.393, 19.131, 94.990
-35.454, -539.027, 19.195, 95.023
-35.540, -539.663, 19.260, 95.056
-35.625, -540.301, 19.324, 95.089
-35.711, -540.941, 19.389, 95.122
-35.797, -541.583, 19.454, 95.155
-35.882, -542.227, 19.517, 95.188
-35.968, -542.874, 19.576, 95.221
-36.053, -543.522, 19.625, 95.254
-36.137, -544.172, 19.664, 95.287
-36.221, -544.822, 19.692, 95.320
-36.304, -545.473, 19.709, 95.353
-36.387, -546.125, 19.715, 95.386
-36.469, -546.777, 19.712, 95.419
-36.550, -547.428, 19.700, 95.452
-36.629, -548.079, 19.680, 95.485
-36.708, -548.729, 19.652, 95.518
-36.786, -549.378, 19.619, 95.551
-36.862, -550.026, 19.581, 95.584
-36.937, -550.672, 19.538, 95.617
-37.011, -551.318, 19.492, 95.650
-37.084, -551.962, 19.443, 95.683
-37.155, -552.604, 19.391, 95.716
-37.224, -553.245, 19.338, 95.749
-37.292, -553.884, 19.283, 95.782
-37.358, -554.522, 19.227, 95.815
-37.423, -555.158, 19.171, 95.848
-37.485, -555.792, 19.114, 95.881
-37.546, -556.424, 19.058, 95.914
-37.605, -557.055, 19.002, 95.947
-37.662, -557.684, 18.946, 95.980
-37.717, -558.312, 18.892, 96.013
-37.771, -558.938, 18.838, 96.046
-37.822, -559.562, 18.786, 96.079
-37.871, -560.185, 18.734, 96.112
-37.918, -560.806, 18.684, 96.145
-37.963, -561.426, 18.635, 96.178
-38.006, -562.045, 18.587, 96.211
-38.046, -562.662, 18.541, 96.244
-38.084, -563.277, 18.496, 96.277
-38.119, -563.892, 18.452, 96.310
-38.152, -564.505, 18.409, 96.343
-38.182, -565.117, 18.368, 96.376
-38.209, -565.727, 18.328, 96.409
-38.235, -566.337, 18.289, 96.442
-38.257, -566.945, 18.252, 96.475
-38.277, -567.552, 18.214, 96.508
-38.293, -568.158, 18.179, 96.541
-38.307, -568.763, 18.143, 96.574
-38.318, -569.367, 18.109, 96.607
-38.326, -569.969, 18.075, 96.640
-38.330, -570.571, 18.042, 96.673
-38.331, -571.172, 18.009, 96.706
-38.328, -571.771, 17.977, 96.739
-38.323, -572.369, 17.946, 96.772
-38.314, -572.966, 17.915, 96.805
-38.300, -573.563, 17.883, 96.838
-38.283, -574.158, 17.853, 96.871
-38.262, -574.751, 17.822, 96.904
-38.238, -575.344, 17.793, 96.937
-38.210, -575.936, 17.763, 96.970
-38.178, -576.526, 17.734, 97.003
-38.141, -577.115, 17.704, 97.036
-38.100, -577.703, 17.674, 97.069
-38.054, -578.289, 17.644, 97.102
-38.003, -578.874, 17.614, 97.135
-37.948, -579.458, 17.586, 97.168
-37.888, -580.040, 17.556, 97.201
-37.822, -580.620, 17.525, 97.234
-37.751, -581.199, 17.496, 97.267
-37.675, -581.776, 17.467, 97.300
-37.594, -582.351, 17.442, 97.333
-37.508, -582.925, 17.421, 97.366
-37.416, -583.498, 17.410, 97.399
-37.320, -584.070, 17.405, 97.432
-37.218, -584.641, 17.407, 97.465
-37.113, -585.212, 17.417, 97.498
-37.003, -585.783, 17.433, 97.531
-36.890, -586.353, 17.456, 97.564
-36.773, -586.924, 17.483, 97.597
-36.654, -587.496, 17.517, 97.630
-36.530, -588.068, 17.553, 97.663
-36.402, -588.640, 17.591, 97.696
-36.271, -589.213, 17.634, 97.729
-36.135, -589.786, 17.679, 97.762
-35.996, -590.360, 17.728, 97.795
-35.852, -590.934, 17.777, 97.828
-35.705, -591.510, 17.832, 97.861
-35.553, -592.086, 17.885, 97.894
-35.395, -592.662, 17.939, 97.927
-35.234, -593.239, 17.998, 97.960
-35.068, -593.817, 18.057, 97.993
-34.898, -594.396, 18.120, 98.026
-34.723, -594.976, 18.182, 98.059
-34.543, -595.556, 18.245, 98.092
-34.359, -596.138, 18.312, 98.125
-34.171, -596.720, 18.378, 98.158
-33.979, -597.304, 18.448, 98.191
-33.782, -597.888, 18.517, 98.224
-33.580, -598.473, 18.586, 98.257
-33.374, -599.060, 18.658, 98.290
-33.164, -599.647, 18.730, 98.323
-32.949, -600.235, 18.804, 98.356
-32.730, -600.824, 18.876, 98.389
-32.506, -601.414, 18.948, 98.422
-32.277, -602.004, 19.023, 98.455
-32.043, -602.596, 19.096, 98.488
-31.805, -603.188, 19.169, 98.521
-31.561, -603.780, 19.245, 98.554
-31.313, -604.374, 19.320, 98.587
-31.061, -604.968, 19.397, 98.620
-30.805, -605.564, 19.473, 98.653
-30.543, -606.160, 19.548, 98.686
-30.276, -606.756, 19.626, 98.719
-30.005, -607.354, 19.702, 98.752
-29.729, -607.951, 19.778, 98.785
-29.448, -608.550, 19.856, 98.818
-29.163, -609.149, 19.933, 98.851
-28.873, -609.749, 20.012, 98.884
-28.578, -610.350, 20.089, 98.917
-28.279, -610.950, 20.166, 98.950
-27.974, -611.552, 20.244, 98.983
-27.665, -612.154, 20.321, 99.016
-27.351, -612.756, 20.397, 99.049
-27.032, -613.358, 20.476, 99.082
-26.708, -613.961, 20.552, 99.115
-26.379, -614.564, 20.628, 99.148
-26.045, -615.167, 20.704, 99.181
-25.706, -615.770, 20.782, 99.214
-25.362, -616.374, 20.859, 99.247
-25.013, -616.977, 20.935, 99.280
-24.660, -617.581, 21.014, 99.313
-24.302, -618.186, 21.091, 99.346
-23.940, -618.790, 21.168, 99.379
-23.573, -619.395, 21.247, 99.412
-23.201, -620.000, 21.324, 99.445
-22.824, -620.604, 21.400, 99.478
-22.442, -621.209, 21.478, 99.511
-22.056, -621.814, 21.555, 99.544
-21.665, -622.419, 21.630, 99.577
-21.269, -623.024, 21.707, 99.610
-20.868, -623.628, 21.782, 99.643
-20.462, -624.232, 21.856, 99.676
-20.050, -624.835, 21.930, 99.709
-19.634, -625.438, 22.005, 99.742
-19.213, -626.041, 22.080, 99.775
-18.787, -626.643, 22.154, 99.808
-18.357, -627.246, 22.231, 99.841
-17.922, -627.848, 22.306, 99.874
-17.482, -628.449, 22.380, 99.907
-17.037, -629.050, 22.454, 99.940
-16.588, -629.651, 22.529, 99.973
-16.134, -630.252, 22.602, 100.006
-15.675, -630.851, 22.671, 100.039
-15.211, -631.450, 22.736, 100.072
-14.743, -632.048, 22.798, 100.105
-14.271, -632.645, 22.855, 100.138
-13.794, -633.240, 22.905, 100.171
-13.313, -633.834, 22.950, 100.204
-12.828, -634.427, 22.990, 100.237
-12.339, -635.017, 23.023, 100.270
-11.847, -635.606, 23.050, 100.303
-11.350, -636.193, 23.071, 100.336
-10.850, -636.777, 23.087, 100.369
-10.347, -637.359, 23.096, 100.402
-9.841, -637.939, 23.100, 100.435
-9.332, -638.516, 23.098, 100.468
-8.820, -639.090, 23.093, 100.501
-8.305, -639.662, 23.083, 100.534
-7.788, -640.230, 23.068, 100.567
-7.268, -640.795, 23.050, 100.600
-6.746, -641.358, 23.029, 100.633
-6.222, -641.917, 23.005, 100.666
-5.695, -642.472, 22.979, 100.699
-5.166, -643.025, 22.951, 100.732
-4.635, -643.574, 22.923, 100.765
-4.102, -644.120, 22.893, 100.798
-3.566, -644.662, 22.863, 100.831
-3.029, -645.201, 22.832, 100.864
-2.490, -645.737, 22.802, 100.897
-1.949, -646.270, 22.772, 100.930
-1.406, -646.799, 22.743, 100.963
-0.862, -647.324, 22.713, 100.996
-0.315, -647.847, 22.686, 101.029
0.233, -648.367, 22.659, 101.062
0.783, -648.884, 22.632, 101.095
1.334, -649.397, 22.608, 101.128
1.888, -649.908, 22.584, 101.161
2.443, -650.415, 22.562, 101.194
3.000, -650.919, 22.540, 101.227
3.559, -651.420, 22.520, 101.260
4.120, -651.919, 22.501, 101.293
4.683, -652.414, 22.484, 101.326
5.247, -652.905, 22.467, 101.359
5.814, -653.395, 22.452, 101.392
6.382, -653.881, 22.439, 101.425
6.953, -654.364, 22.426, 101.458
7.525, -654.845, 22.415, 101.491
8.098, -655.324, 22.405, 101.524
8.674, -655.799, 22.395, 101.557
9.251, -656.272, 22.386, 101.590
9.831, -656.742, 22.379, 101.623
10.412, -657.209, 22.371, 101.656
10.995, -657.673, 22.365, 101.689
11.581, -658.135, 22.358, 101.722
12.168, -658.594, 22.353, 101.755
12.757, -659.050, 22.348, 101.788
13.347, -659.503, 22.343, 101.821
13.940, -659.953, 22.338, 101.854
14.535, -660.401, 22.335, 101.887
15.131, -660.847, 22.331, 101.920
15.730, -661.289, 22.328, 101.953
16.330, -661.729, 22.325, 101.986
16.932, -662.166, 22.322, 102.019
17.536, -662.601, 22.320, 102.052
18.141, -663.033, 22.317, 102.085
18.749, -663.462, 22.314, 102.118
19.358, -663.889, 22.312, 102.151
19.969, -664.313, 22.310, 102.184
20.582, -664.734, 22.308, 102.217
21.196, -665.152, 22.305, 102.250
21.813, -665.568, 22.303, 102.283
22.431, -665.981, 22.301, 102.316
23.050, -666.391, 22.299, 102.349
23.672, -666.798, 22.296, 102.382
24.295, -667.203, 22.295, 102.415
24.920, -667.605, 22.293, 102.448
25.547, -668.004, 22.290, 102.481
26.175, -668.401, 22.289, 102.514
26.804, -668.795, 22.287, 102.547
27.436, -669.186, 22.285, 102.580
28.069, -669.574, 22.282, 102.613
28.704, -669.960, 22.281, 102.646
29.340, -670.342, 22.279, 102.679
29.978, -670.722, 22.276, 102.712
30.618, -671.098, 22.274, 102.745
31.260, -671.472, 22.272, 102.778
31.902, -671.843, 22.271, 102.811
32.547, -672.211, 22.269, 102.844
33.193, -672.576, 22.267, 102.877
33.841, -672.939, 22.265, 102.910
34.490, -673.298, 22.264, 102.943
35.141, -673.655, 22.262, 102.976
35.793, -674.008, 22.261, 103.009
36.447, -674.359, 22.260, 103.042
37.102, -674.707, 22.258, 103.075
37.759, -675.052, 22.257, 103.108
38.417, -675.395, 22.256, 103.141
39.076, -675.734, 22.254, 103.174
39.737, -676.070, 22.253, 103.207
40.400, -676.403, 22.251, 103.240
41.064, -676.733, 22.250, 103.273
41.730, -677.060, 22.249, 103.306
42.397, -677.383, 22.247, 103.339
43.065, -677.704, 22.246, 103.372
43.735, -678.022, 22.245, 103.405
44.406, -678.337, 22.244, 103.438
45.079, -678.648, 22.243, 103.471
45.753, -678.956, 22.242, 103.504
46.429, -679.262, 22.242, 103.537
47.106, -679.564, 22.240, 103.570
47.784, -679.863, 22.240, 103.603
48.463, -680.159, 22.240, 103.636
49.144, -680.452, 22.239, 103.669
49.827, -680.741, 22.238, 103.702
50.511, -681.027, 22.237, 103.735
51.196, -681.310, 22.237, 103.768
51.882, -681.589, 22.236, 103.801
52.570, -681.865, 22.234, 103.834
53.259, -682.138, 22.234, 103.867
53.949, -682.407, 22.234, 103.900
54.641, -682.673, 22.233, 103.933
55.334, -682.936, 22.233, 103.966
56.028, -683.196, 22.233, 103.999
56.723, -683.452, 22.232, 104.032
57.420, -683.704, 22.232, 104.065
58.117, -683.953, 22.231, 104.098
58.816, -684.199, 22.231, 104.131
59.517, -684.441, 22.230, 104.164
60.218, -684.679, 22.229, 104.197
60.921, -684.914, 22.229, 104.230
61.625, -685.145, 22.229, 104.263
62.330, -685.372, 22.228, 104.296
63.036, -685.597, 22.229, 104.329
63.743, -685.818, 22.229, 104.362
64.451, -686.034, 22.228, 104.395
65.161, -686.247, 22.227, 104.428
65.872, -686.456, 22.227, 104.461
66.583, -686.662, 22.227, 104.494
67.296, -686.863, 22.226, 104.527
68.010, -687.060, 22.225, 104.560
68.725, -687.254, 22.225, 104.593
69.441, -687.444, 22.225, 104.626
70.158, -687.629, 22.224, 104.659
70.876, -687.811, 22.225, 104.692
71.595, -687.990, 22.225, 104.725
72.315, -688.164, 22.225, 104.758
73.036, -688.333, 22.224, 104.791
73.758, -688.499, 22.224, 104.824
74.481, -688.661, 22.224, 104.857
75.204, -688.818, 22.223, 104.890
75.929, -688.972, 22.224, 104.923
76.654, -689.121, 22.224, 104.956
77.381, -689.266, 22.223, 104.989
78.108, -689.406, 22.222, 105.022
78.836, -689.542, 22.222, 105.055
79.565, -689.674, 22.222, 105.088
80.294, -689.801, 22.221, 105.121
81.025, -689.924, 22.220, 105.154
81.756, -690.042, 22.221, 105.187
82.487, -690.156, 22.221, 105.220
83.220, -690.264, 22.220, 105.253
83.953, -690.369, 22.219, 105.286
84.687, -690.469, 22.220, 105.319
85.421, -690.564, 22.220, 105.352
86.156, -690.654, 22.220, 105.385
86.892, -690.741, 22.221, 105.418
87.628, -690.822, 22.221, 105.451
88.364, -690.899, 22.221, 105.484
89.101, -690.970, 22.219, 105.517
89.839, -691.036, 22.218, 105.550
90.576, -691.098, 22.212, 105.583
91.314, -691.154, 22.201, 105.616
92.052, -691.205, 22.188, 105.649
92.789, -691.252, 22.171, 105.682
93.526, -691.292, 22.149, 105.715
94.263, -691.327, 22.124, 105.748
94.998, -691.357, 22.098, 105.781
95.734, -691.383, 22.068, 105.814
96.468, -691.402, 22.035, 105.847
97.201, -691.416, 22.000, 105.880
97.933, -691.424, 21.964, 105.913
98.664, -691.428, 21.927, 105.946
99.393, -691.426, 21.887, 105.979
100.121, -691.419, 21.848, 106.012
100.848, -691.407, 21.807, 106.045
101.574, -691.389, 21.765, 106.078
102.297, -691.365, 21.721, 106.111
103.019, -691.336, 21.678, 106.144
103.740, -691.302, 21.636, 106.177
104.459, -691.262, 21.598, 106.210
105.176, -691.218, 21.569, 106.243
105.893, -691.168, 21.546, 106.276
106.608, -691.114, 21.529, 106.309
107.323, -691.056, 21.519, 106.342
108.038, -690.994, 21.514, 106.375
108.752, -690.927, 21.515, 106.408
109.466, -690.856, 21.520, 106.441
110.180, -690.781, 21.530, 106.474
110.894, -690.702, 21.544, 106.507
111.608, -690.619, 21.561, 106.540
112.322, -690.532, 21.582, 106.573
113.036, -690.441, 21.605, 106.606
113.751, -690.345, 21.631, 106.639
114.466, -690.245, 21.660, 106.672
115.181, -690.141, 21.691, 106.705
115.896, -690.031, 21.723, 106.738
116.612, -689.916, 21.756, 106.771
117.328, -689.797, 21.794, 106.804
118.045, -689.673, 21.832, 106.837
118.762, -689.544, 21.872, 106.870
119.480, -689.411, 21.916, 106.903
120.199, -689.274, 21.961, 106.936
120.918, -689.131, 22.006, 106.969
121.638, -688.984, 22.052, 107.002
122.359, -688.832, 22.099, 107.035
123.080, -688.676, 22.145, 107.068
123.801, -688.515, 22.188, 107.101
124.524, -688.351, 22.231, 107.134
125.246, -688.181, 22.271, 107.167
125.969, -688.007, 22.307, 107.200
126.691, -687.828, 22.340, 107.233
127.413, -687.645, 22.372, 107.266
128.135, -687.457, 22.399, 107.299
128.857, -687.265, 22.422, 107.332
129.578, -687.068, 22.442, 107.365
130.299, -686.866, 22.461, 107.398
131.019, -686.661, 22.476, 107.431
131.738, -686.451, 22.488, 107.464
132.456, -686.236, 22.497, 107.497
133.174, -686.018, 22.504, 107.530
133.890, -685.796, 22.508, 107.563
134.605, -685.570, 22.510, 107.596
135.319, -685.339, 22.510, 107.629
136.032, -685.106, 22.508, 107.662
136.743, -684.868, 22.504, 107.695
137.453, -684.627, 22.499, 107.728
138.161, -684.382, 22.491, 107.761
138.868, -684.133, 22.483, 107.794
139.573, -683.881, 22.474, 107.827
140.276, -683.624, 22.464, 107.860
140.978, -683.365, 22.454, 107.893
141.678, -683.103, 22.443, 107.926
142.377, -682.836, 22.431, 107.959
143.074, -682.566, 22.419, 107.992
143.769, -682.293, 22.408, 108.025
144.462, -682.017, 22.397, 108.058
145.154, -681.737, 22.386, 108.091
145.844, -681.455, 22.376, 108.124
146.533, -681.169, 22.366, 108.157
147.219, -680.880, 22.356, 108.190
147.904, -680.588, 22.346, 108.223
148.588, -680.293, 22.337, 108.256
149.270, -679.995, 22.329, 108.289
149.950, -679.693, 22.321, 108.322
150.629, -679.390, 22.314, 108.355
151.307, -679.084, 22.307, 108.388
151.983, -678.774, 22.301, 108.421
152.657, -678.462, 22.294, 108.454
153.330, -678.147, 22.289, 108.487
154.001, -677.829, 22.284, 108.520
154.671, -677.508, 22.280, 108.553
155.339, -677.185, 22.275, 108.586
156.006, -676.859, 22.272, 108.619
156.672, -676.530, 22.269, 108.652
157.336, -676.199, 22.266, 108.685
157.999, -675.865, 22.263, 108.718
158.660, -675.529, 22.261, 108.751
159.320, -675.191, 22.260, 108.784
159.979, -674.850, 22.258, 108.817
160.637, -674.506, 22.256, 108.850
161.293, -674.160, 22.255, 108.883
161.948, -673.813, 22.254, 108.916
162.602, -673.462, 22.253, 108.949
163.255, -673.110, 22.253, 108.982
163.906, -672.756, 22.252, 109.015
164.557, -672.399, 22.251, 109.048
165.205, -672.040, 22.250, 109.081
165.853, -671.679, 22.249, 109.114
166.500, -671.316, 22.249, 109.147
167.145, -670.950, 22.248, 109.180
167.789, -670.583, 22.247, 109.213
168.432, -670.213, 22.247, 109.246
169.074, -669.842, 22.247, 109.279
169.714, -669.469, 22.246, 109.312
170.354, -669.093, 22.246, 109.345
170.993, -668.716, 22.246, 109.378
171.630, -668.338, 22.245, 109.411
172.267, -667.957, 22.245, 109.444
172.902, -667.576, 22.245, 109.477
173.537, -667.192, 22.245, 109.510
174.170, -666.807, 22.244, 109.543
174.803, -666.420, 22.243, 109.576
175.434, -666.031, 22.243, 109.609
176.064, -665.641, 22.242, 109.642
176.694, -665.249, 22.241, 109.675
177.322, -664.856, 22.241, 109.708
177.949, -664.461, 22.240, 109.741
178.576, -664.065, 22.240, 109.774
179.201, -663.667, 22.239, 109.807
179.826, -663.268, 22.239, 109.840
180.450, -662.867, 22.238, 109.873
181.073, -662.466, 22.238, 109.906
181.695, -662.063, 22.237, 109.939
182.317, -661.659, 22.237, 109.972
182.937, -661.254, 22.236, 110.005
183.557, -660.847, 22.236, 110.038
184.176, -660.440, 22.235, 110.071
184.794, -660.031, 22.235, 110.104
185.412, -659.621, 22.234, 110.137
186.028, -659.210, 22.234, 110.170
186.644, -658.798, 22.233, 110.203
187.260, -658.385, 22.233, 110.236
187.874, -657.971, 22.232, 110.269
188.488, -657.556, 22.232, 110.302
189.101, -657.140, 22.231, 110.335
189.714, -656.723, 22.231, 110.368
190.326, -656.305, 22.231, 110.401
190.937, -655.886, 22.230, 110.434
191.548, -655.467, 22.230, 110.467
192.158, -655.046, 22.230, 110.500
192.768, -654.625, 22.229, 110.533
193.377, -654.204, 22.229, 110.566
193.986, -653.781, 22.229, 110.599
194.594, -653.358, 22.229, 110.632
195.202, -652.934, 22.228, 110.665
195.809, -652.510, 22.228, 110.698
196.416, -652.085, 22.228, 110.731
197.023, -651.659, 22.228, 110.764
197.629, -651.233, 22.227, 110.797
198.234, -650.806, 22.227, 110.830
198.839, -650.379, 22.227, 110.863
199.444, -649.951, 22.227, 110.896
200.049, -649.523, 22.227, 110.929
200.653, -649.094, 22.226, 110.962
201.257, -648.665, 22.226, 110.995
201.861, -648.235, 22.226, 111.028
202.464, -647.805, 22.226, 111.061
203.067, -647.375, 22.226, 111.094
203.670, -646.945, 22.226, 111.127
204.273, -646.514, 22.226, 111.160
204.876, -646.083, 22.225, 111.193
205.478, -645.652, 22.225, 111.226
206.080, -645.220, 22.225, 111.259
206.682, -644.788, 22.225, 111.292
207.284, -644.357, 22.225, 111.325
207.886, -643.924, 22.225, 111.358
208.488, -643.492, 22.225, 111.391
209.089, -643.060, 22.225, 111.424
209.691, -642.628, 22.224, 111.457
210.293, -642.196, 22.224, 111.490
210.894, -641.763, 22.224, 111.523
211.496, -641.331, 22.224, 111.556
212.098, -640.899, 22.224, 111.589
212.699, -640.467, 22.224, 111.622
213.301, -640.035, 22.224, 111.655
213.903, -639.603, 22.224, 111.688
214.505, -639.171, 22.224, 111.721
215.107, -638.739, 22.224, 111.754
215.709, -638.308, 22.223, 111.787
216.311, -637.876, 22.223, 111.820
216.913, -637.445, 22.223, 111.853
217.516, -637.014, 22.223, 111.886
218.119, -636.584, 22.223, 111.919
218.722, -636.154, 22.223, 111.952
219.325, -635.724, 22.223, 111.985
219.929, -635.294, 22.223, 112.018
220.533, -634.865, 22.223, 112.051
221.137, -634.437, 22.223, 112.084
221.741, -634.008, 22.223, 112.117
222.346, -633.580, 22.222, 112.150
222.951, -633.153, 22.222, 112.183
223.556, -632.726, 22.222, 112.216
224.162, -632.300, 22.222, 112.249
224.768, -631.874, 22.222, 112.282
225.375, -631.449, 22.222, 112.315
225.982, -631.025, 22.222, 112.348
226.589, -630.601, 22.222, 112.381
227.197, -630.178, 22.222, 112.414
227.806, -629.755, 22.222, 112.447
228.415, -629.333, 22.222, 112.480
229.024, -628.912, 22.222, 112.513
229.634, -628.492, 22.222, 112.546
230.245, -628.073, 22.222, 112.579
230.856, -627.654, 22.222, 112.612
231.467, -627.236, 22.222, 112.645
232.080, -626.820, 22.222, 112.678
232.693, -626.404, 22.222, 112.711
233.306, -625.989, 22.222, 112.744
233.920, -625.575, 22.221, 112.777
234.535, -625.162, 22.222, 112.810
235.151, -624.749, 22.222, 112.843
235.767, -624.338, 22.221, 112.876
236.384, -623.929, 22.221, 112.909
237.002, -623.520, 22.221, 112.942
237.620, -623.112, 22.221, 112.975
238.239, -622.706, 22.221, 113.008
238.859, -622.301, 22.221, 113.041
239.480, -621.896, 22.221, 113.074
240.102, -621.494, 22.221, 113.107
240.724, -621.092, 22.221, 113.140
241.347, -620.692, 22.221, 113.173
241.972, -620.293, 22.221, 113.206
242.597, -619.896, 22.221, 113.239
243.223, -619.500, 22.221, 113.272
243.850, -619.106, 22.221, 113.305
244.478, -618.713, 22.221, 113.338
245.106, -618.321, 22.221, 113.371
245.736, -617.931, 22.221, 113.404
246.367, -617.543, 22.221, 113.437
246.998, -617.156, 22.221, 113.470
247.631, -616.771, 22.221, 113.503
248.265, -616.387, 22.221, 113.536
248.899, -616.005, 22.221, 113.569
249.535, -615.625, 22.220, 113.602
250.172, -615.247, 22.220, 113.635
250.810, -614.871, 22.220, 113.668
251.449, -614.496, 22.220, 113.701
252.089, -614.124, 22.220, 113.734
252.730, -613.753, 22.220, 113.767
253.372, -613.384, 22.220, 113.800
254.016, -613.017, 22.220, 113.833
254.660, -612.653, 22.220, 113.866
255.306, -612.290, 22.220, 113.899
255.953, -611.929, 22.220, 113.932
256.601, -611.571, 22.220, 113.965
257.251, -611.214, 22.220, 113.998
257.901, -610.860, 22.220, 114.031
258.552, -610.508, 22.220, 114.064
259.205, -610.158, 22.220, 114.097
259.859, -609.811, 22.220, 114.130
260.515, -609.466, 22.220, 114.163
261.171, -609.123, 22.220, 114.196
261.829, -608.783, 22.219, 114.229
262.488, -608.445, 22.219, 114.262
263.149, -608.110, 22.219, 114.295
263.811, -607.778, 22.219, 114.328
264.474, -607.448, 22.219, 114.361
265.138, -607.120, 22.219, 114.394
265.803, -606.795, 22.220, 114.427
266.470, -606.473, 22.219, 114.460
267.139, -606.154, 22.219, 114.493
267.808, -605.838, 22.219, 114.526
268.479, -605.524, 22.219, 114.559
269.151, -605.213, 22.219, 114.592
269.825, -604.905, 22.219, 114.625
270.500, -604.600, 22.219, 114.658
271.176, -604.298, 22.219, 114.691
271.854, -604.000, 22.218, 114.724
272.533, -603.704, 22.219, 114.757
273.213, -603.411, 22.219, 114.790
273.895, -603.122, 22.218, 114.823
274.577, -602.835, 22.219, 114.856
275.262, -602.551, 22.219, 114.889
275.947, -602.271, 22.219, 114.922
276.634, -601.995, 22.218, 114.955
277.323, -601.722, 22.219, 114.988
278.012, -601.452, 22.219, 115.021
278.703, -601.186, 22.218, 115.054
279.395, -600.922, 22.219, 115.087
280.089, -600.663, 22.219, 115.120
280.784, -600.407, 22.219, 115.153
281.480, -600.155, 22.218, 115.186
282.178, -599.906, 22.218, 115.219
282.877, -599.661, 22.218, 115.252
283.577, -599.420, 22.218, 115.285
284.278, -599.182, 22.219, 115.318
284.981, -598.948, 22.219, 115.351
285.685, -598.718, 22.218, 115.384
286.390, -598.493, 22.218, 115.417
287.096, -598.270, 22.218, 115.450
287.804, -598.052, 22.218, 115.483
288.513, -597.838, 22.218, 115.516
289.223, -597.628, 22.219, 115.549
289.934, -597.421, 22.219, 115.582
290.646, -597.219, 22.219, 115.615
291.360, -597.020, 22.219, 115.648
292.074, -596.826, 22.219, 115.681
292.790, -596.636, 22.219, 115.714
293.507, -596.451, 22.218, 115.747
294.225, -596.269, 22.218, 115.780
294.944, -596.092, 22.218, 115.813
295.664, -595.920, 22.217, 115.846
296.386, -595.753, 22.217, 115.879
297.108, -595.589, 22.218, 115.912
297.831, -595.429, 22.218, 115.945
298.555, -595.274, 22.218, 115.978
299.280, -595.123, 22.219, 116.011
300.006, -594.976, 22.220, 116.044
300.733, -594.834, 22.220, 116.077
301.461, -594.697, 22.220, 116.110
302.189, -594.564, 22.220, 116.143
302.918, -594.435, 22.220, 116.176
303.649, -594.312, 22.220, 116.209
304.380, -594.193, 22.218, 116.242
305.111, -594.079, 22.219, 116.275
305.844, -593.969, 22.219, 116.308
306.577, -593.865, 22.219, 116.341
307.310, -593.765, 22.218, 116.374
308.045, -593.670, 22.219, 116.407
308.780, -593.579, 22.219, 116.440
309.515, -593.493, 22.220, 116.473
310.251, -593.411, 22.221, 116.506
310.988, -593.334, 22.222, 116.539
311.725, -593.262, 22.222, 116.572
312.463, -593.195, 22.221, 116.605
313.201, -593.133, 22.222, 116.638
313.939, -593.075, 22.222, 116.671
314.678, -593.022, 22.221, 116.704
315.417, -592.974, 22.222, 116.737
316.156, -592.930, 22.222, 116.770
316.896, -592.892, 22.222, 116.803
